disease,year,month,cases
Dengue,2016,1,138
Dengue,2016,2,94
Dengue,2016,3,99
Dengue,2016,4,46
Dengue,2016,5,39
Dengue,2016,6,74
Dengue,2016,7,104
Dengue,2016,8,194
Dengue,2016,9,164
Dengue,2016,10,59
Dengue,2016,11,66
Dengue,2016,12,50
Dengue,2017,1,67
Dengue,2017,2,72
Dengue,2017,3,52
Dengue,2017,4,25
Dengue,2017,5,14
Dengue,2017,6,55
Dengue,2017,7,113
Dengue,2017,8,251
Dengue,2017,9,134
Dengue,2017,10,86
Dengue,2017,11,109
Dengue,2017,12,26
Dengue,2018,1,125
Dengue,2018,2,120
Dengue,2018,3,112
Dengue,2018,4,53
Dengue,2018,5,80
Dengue,2018,6,185
Dengue,2018,7,422
Dengue,2018,8,643
Dengue,2018,9,342
Dengue,2018,10,248
Dengue,2018,11,157
Dengue,2018,12,106
Dengue,2019,1,144
Dengue,2019,2,88
Dengue,2019,3,46
Dengue,2019,4,38
Dengue,2019,5,54
Dengue,2019,6,69
Dengue,2019,7,239
Dengue,2019,8,605
Dengue,2019,9,402
Dengue,2019,10,314
Dengue,2019,11,184
Dengue,2019,12,129
Dengue,2020,1,173
Dengue,2020,2,89
Dengue,2020,3,40
Dengue,2020,4,11
Dengue,2020,5,0
Dengue,2020,6,8
Dengue,2020,7,14
Dengue,2020,8,7
Dengue,2020,9,22
Dengue,2020,10,50
Dengue,2020,11,45
Dengue,2020,12,44
Dengue,2021,1,109
Dengue,2021,2,72
Dengue,2021,3,72
Dengue,2021,4,44
Dengue,2021,5,15
Dengue,2021,6,47
Dengue,2021,7,93
Dengue,2021,8,142
Dengue,2021,9,126
Dengue,2021,10,117
Dengue,2021,11,89
Dengue,2021,12,85
Dengue,2022,1,86
Dengue,2022,2,52
Dengue,2022,3,73
Dengue,2022,4,89
Dengue,2022,5,118
Dengue,2022,6,213
Dengue,2022,7,462
Dengue,2022,8,397
Dengue,2022,9,314
Dengue,2022,10,119
Dengue,2022,11,108
Dengue,2022,12,107
Dengue,2023,1,124
Dengue,2023,2,164
Dengue,2023,3,208
Dengue,2023,4,171
Dengue,2023,5,242
Dengue,2023,6,537
Dengue,2023,7,372
Dengue,2023,8,460
Dengue,2023,9,598
Dengue,2023,10,561
Dengue,2023,11,507
Dengue,2023,12,330
Dengue,2024,1,297
Dengue,2024,2,282
Dengue,2024,3,128
Dengue,2024,4,142
Dengue,2024,5,162
Dengue,2024,6,204
Dengue,2024,7,434
Dengue,2024,8,747
Dengue,2024,9,582
Dengue,2024,10,592
Dengue,2024,11,553
Dengue,2024,12,465
Dengue,2025,1,564
Dengue,2025,2,477
Dengue,2025,3,340
Dengue,2025,4,267
Dengue,2025,5,308
Dengue,2025,6,314
Dengue,2025,7,735
Dengue,2025,8,706
Dengue,2025,9,583
Dengue,2025,10,679
Dengue,2025,11,257
Dengue,2025,12,312
Leptospirosis,2016,1,0
Leptospirosis,2016,2,0
Leptospirosis,2016,3,0
Leptospirosis,2016,4,0
Leptospirosis,2016,5,0
Leptospirosis,2016,6,0
Leptospirosis,2016,7,0
Leptospirosis,2016,8,1
Leptospirosis,2016,9,0
Leptospirosis,2016,10,0
Leptospirosis,2016,11,1
Leptospirosis,2016,12,0
Leptospirosis,2017,1,0
Leptospirosis,2017,2,0
Leptospirosis,2017,3,0
Leptospirosis,2017,4,0
Leptospirosis,2017,5,0
Leptospirosis,2017,6,1
Leptospirosis,2017,7,0
Leptospirosis,2017,8,2
Leptospirosis,2017,9,0
Leptospirosis,2017,10,1
Leptospirosis,2017,11,0
Leptospirosis,2017,12,0
Leptospirosis,2018,1,0
Leptospirosis,2018,2,0
Leptospirosis,2018,3,1
Leptospirosis,2018,4,0
Leptospirosis,2018,5,0
Leptospirosis,2018,6,0
Leptospirosis,2018,7,2
Leptospirosis,2018,8,6
Leptospirosis,2018,9,2
Leptospirosis,2018,10,2
Leptospirosis,2018,11,0
Leptospirosis,2018,12,1
Leptospirosis,2019,1,2
Leptospirosis,2019,2,4
Leptospirosis,2019,3,0
Leptospirosis,2019,4,0
Leptospirosis,2019,5,0
Leptospirosis,2019,6,0
Leptospirosis,2019,7,0
Leptospirosis,2019,8,0
Leptospirosis,2019,9,0
Leptospirosis,2019,10,0
Leptospirosis,2019,11,0
Leptospirosis,2019,12,0
Leptospirosis,2020,1,0
Leptospirosis,2020,2,0
Leptospirosis,2020,3,0
Leptospirosis,2020,4,0
Leptospirosis,2020,5,0
Leptospirosis,2020,6,0
Leptospirosis,2020,7,0
Leptospirosis,2020,8,0
Leptospirosis,2020,9,1
Leptospirosis,2020,10,1
Leptospirosis,2020,11,2
Leptospirosis,2020,12,1
Leptospirosis,2021,1,0
Leptospirosis,2021,2,0
Leptospirosis,2021,3,1
Leptospirosis,2021,4,0
Leptospirosis,2021,5,0
Leptospirosis,2021,6,0
Leptospirosis,2021,7,0
Leptospirosis,2021,8,2
Leptospirosis,2021,9,0
Leptospirosis,2021,10,0
Leptospirosis,2021,11,0
Leptospirosis,2021,12,0
Leptospirosis,2022,1,1
Leptospirosis,2022,2,0
Leptospirosis,2022,3,0
Leptospirosis,2022,4,0
Leptospirosis,2022,5,0
Leptospirosis,2022,6,0
Leptospirosis,2022,7,3
Leptospirosis,2022,8,4
Leptospirosis,2022,9,3
Leptospirosis,2022,10,2
Leptospirosis,2022,11,1
Leptospirosis,2022,12,2
Leptospirosis,2023,1,1
Leptospirosis,2023,2,1
Leptospirosis,2023,3,2
Leptospirosis,2023,4,1
Leptospirosis,2023,5,2
Leptospirosis,2023,6,4
Leptospirosis,2023,7,23
Leptospirosis,2023,8,36
Leptospirosis,2023,9,26
Leptospirosis,2023,10,19
Leptospirosis,2023,11,7
Leptospirosis,2023,12,2
Leptospirosis,2024,1,2
Leptospirosis,2024,2,2
Leptospirosis,2024,3,1
Leptospirosis,2024,4,1
Leptospirosis,2024,5,1
Leptospirosis,2024,6,4
Leptospirosis,2024,7,13
Leptospirosis,2024,8,27
Leptospirosis,2024,9,26
Leptospirosis,2024,10,5
Leptospirosis,2024,11,3
Leptospirosis,2024,12,2
Leptospirosis,2025,1,3
Leptospirosis,2025,2,1
Leptospirosis,2025,3,0
Leptospirosis,2025,4,5
Leptospirosis,2025,5,5
Leptospirosis,2025,6,5
Leptospirosis,2025,7,46
Leptospirosis,2025,8,27
Leptospirosis,2025,9,12
Leptospirosis,2025,10,5
Leptospirosis,2025,11,1
Leptospirosis,2025,12,1
Measles-Rubella,2016,1,1
Measles-Rubella,2016,2,1
Measles-Rubella,2016,3,4
Measles-Rubella,2016,4,5
Measles-Rubella,2016,5,2
Measles-Rubella,2016,6,0
Measles-Rubella,2016,7,4
Measles-Rubella,2016,8,9
Measles-Rubella,2016,9,5
Measles-Rubella,2016,10,11
Measles-Rubella,2016,11,3
Measles-Rubella,2016,12,6
Measles-Rubella,2017,1,6
Measles-Rubella,2017,2,9
Measles-Rubella,2017,3,6
Measles-Rubella,2017,4,2
Measles-Rubella,2017,5,7
Measles-Rubella,2017,6,11
Measles-Rubella,2017,7,2
Measles-Rubella,2017,8,11
Measles-Rubella,2017,9,3
Measles-Rubella,2017,10,4
Measles-Rubella,2017,11,2
Measles-Rubella,2017,12,1
Measles-Rubella,2018,1,12
Measles-Rubella,2018,2,4
Measles-Rubella,2018,3,19
Measles-Rubella,2018,4,21
Measles-Rubella,2018,5,21
Measles-Rubella,2018,6,21
Measles-Rubella,2018,7,16
Measles-Rubella,2018,8,32
Measles-Rubella,2018,9,30
Measles-Rubella,2018,10,49
Measles-Rubella,2018,11,195
Measles-Rubella,2018,12,224
Measles-Rubella,2019,1,393
Measles-Rubella,2019,2,581
Measles-Rubella,2019,3,327
Measles-Rubella,2019,4,105
Measles-Rubella,2019,5,30
Measles-Rubella,2019,6,20
Measles-Rubella,2019,7,21
Measles-Rubella,2019,8,15
Measles-Rubella,2019,9,10
Measles-Rubella,2019,10,5
Measles-Rubella,2019,11,6
Measles-Rubella,2019,12,6
Measles-Rubella,2020,1,15
Measles-Rubella,2020,2,6
Measles-Rubella,2020,3,5
Measles-Rubella,2020,4,1
Measles-Rubella,2020,5,0
Measles-Rubella,2020,6,0
Measles-Rubella,2020,7,0
Measles-Rubella,2020,8,0
Measles-Rubella,2020,9,0
Measles-Rubella,2020,10,0
Measles-Rubella,2020,11,0
Measles-Rubella,2020,12,0
Measles-Rubella,2021,1,1
Measles-Rubella,2021,2,2
Measles-Rubella,2021,3,0
Measles-Rubella,2021,4,0
Measles-Rubella,2021,5,0
Measles-Rubella,2021,6,0
Measles-Rubella,2021,7,0
Measles-Rubella,2021,8,1
Measles-Rubella,2021,9,1
Measles-Rubella,2021,10,0
Measles-Rubella,2021,11,1
Measles-Rubella,2021,12,2
Measles-Rubella,2022,1,1
Measles-Rubella,2022,2,2
Measles-Rubella,2022,3,5
Measles-Rubella,2022,4,0
Measles-Rubella,2022,5,1
Measles-Rubella,2022,6,2
Measles-Rubella,2022,7,3
Measles-Rubella,2022,8,5
Measles-Rubella,2022,9,1
Measles-Rubella,2022,10,2
Measles-Rubella,2022,11,3
Measles-Rubella,2022,12,1
Measles-Rubella,2023,1,1
Measles-Rubella,2023,2,3
Measles-Rubella,2023,3,5
Measles-Rubella,2023,4,1
Measles-Rubella,2023,5,7
Measles-Rubella,2023,6,5
Measles-Rubella,2023,7,8
Measles-Rubella,2023,8,9
Measles-Rubella,2023,9,1
Measles-Rubella,2023,10,6
Measles-Rubella,2023,11,0
Measles-Rubella,2023,12,5
Measles-Rubella,2024,1,5
Measles-Rubella,2024,2,2
Measles-Rubella,2024,3,6
Measles-Rubella,2024,4,11
Measles-Rubella,2024,5,1
Measles-Rubella,2024,6,5
Measles-Rubella,2024,7,4
Measles-Rubella,2024,8,4
Measles-Rubella,2024,9,4
Measles-Rubella,2024,10,4
Measles-Rubella,2024,11,4
Measles-Rubella,2024,12,5
Measles-Rubella,2025,1,7
Measles-Rubella,2025,2,8
Measles-Rubella,2025,3,8
Measles-Rubella,2025,4,13
Measles-Rubella,2025,5,14
Measles-Rubella,2025,6,9
Measles-Rubella,2025,7,9
Measles-Rubella,2025,8,10
Measles-Rubella,2025,9,7
Measles-Rubella,2025,10,5
Measles-Rubella,2025,11,8
Measles-Rubella,2025,12,12
