disease,year,week,workbook_cell,workbook_value,pdf_value,pdf_cell,pdf_page,pdf_top,matches,mapped_year,mapped_month,week53_fallback
Leptospirosis,2016,1,B4,0,0,0,1,,True,2016,1,False
Leptospirosis,2016,2,B5,0,0,0,1,,True,2016,1,False
Leptospirosis,2016,3,B6,0,0,0,1,,True,2016,1,False
Leptospirosis,2016,4,B7,0,0,0,1,,True,2016,1,False
Leptospirosis,2016,5,B8,0,0,0,1,,True,2016,2,False
Leptospirosis,2016,6,B9,0,0,0,1,,True,2016,2,False
Leptospirosis,2016,7,B10,0,0,0,1,,True,2016,2,False
Leptospirosis,2016,8,B11,0,0,0,1,,True,2016,2,False
Leptospirosis,2016,9,B12,0,0,0,1,,True,2016,3,False
Leptospirosis,2016,10,B13,0,0,0,1,,True,2016,3,False
Leptospirosis,2016,11,B14,0,0,0,1,,True,2016,3,False
Leptospirosis,2016,12,B15,0,0,0,1,,True,2016,3,False
Leptospirosis,2016,13,B16,0,0,0,1,,True,2016,3,False
Leptospirosis,2016,14,B17,0,0,0,1,,True,2016,4,False
Leptospirosis,2016,15,B18,0,0,0,1,,True,2016,4,False
Leptospirosis,2016,16,B19,0,0,0,1,,True,2016,4,False
Leptospirosis,2016,17,B20,0,0,0,1,,True,2016,4,False
Leptospirosis,2016,18,B21,0,0,0,1,,True,2016,5,False
Leptospirosis,2016,19,B22,0,0,0,1,,True,2016,5,False
Leptospirosis,2016,20,B23,0,0,0,1,,True,2016,5,False
Leptospirosis,2016,21,B24,0,0,0,1,,True,2016,5,False
Leptospirosis,2016,22,B25,0,0,0,1,,True,2016,6,False
Leptospirosis,2016,23,B26,0,0,0,1,,True,2016,6,False
Leptospirosis,2016,24,B27,0,0,0,1,,True,2016,6,False
Leptospirosis,2016,25,B28,0,0,0,1,,True,2016,6,False
Leptospirosis,2016,26,B29,0,0,0,1,,True,2016,6,False
Leptospirosis,2016,27,B30,0,0,0,1,,True,2016,7,False
Leptospirosis,2016,28,B31,0,0,0,1,,True,2016,7,False
Leptospirosis,2016,29,B32,0,0,0,1,,True,2016,7,False
Leptospirosis,2016,30,B33,0,0,0,1,,True,2016,7,False
Leptospirosis,2016,31,B34,0,0,0,1,,True,2016,8,False
Leptospirosis,2016,32,B35,0,0,0,1,,True,2016,8,False
Leptospirosis,2016,33,B36,1,1,1,1,,True,2016,8,False
Leptospirosis,2016,34,B37,0,0,0,1,,True,2016,8,False
Leptospirosis,2016,35,B38,0,0,0,1,,True,2016,9,False
Leptospirosis,2016,36,B39,0,0,0,1,,True,2016,9,False
Leptospirosis,2016,37,B40,0,0,0,1,,True,2016,9,False
Leptospirosis,2016,38,B41,0,0,0,1,,True,2016,9,False
Leptospirosis,2016,39,B42,0,0,0,1,,True,2016,9,False
Leptospirosis,2016,40,B43,0,0,0,1,,True,2016,10,False
Leptospirosis,2016,41,B44,0,0,0,1,,True,2016,10,False
Leptospirosis,2016,42,B45,0,0,0,1,,True,2016,10,False
Leptospirosis,2016,43,B46,0,0,0,1,,True,2016,10,False
Leptospirosis,2016,44,B47,1,1,1,1,,True,2016,11,False
Leptospirosis,2016,45,B48,0,0,0,1,,True,2016,11,False
Leptospirosis,2016,46,B49,0,0,0,1,,True,2016,11,False
Leptospirosis,2016,47,B50,0,0,0,1,,True,2016,11,False
Leptospirosis,2016,48,B51,0,0,0,1,,True,2016,12,False
Leptospirosis,2016,49,B52,0,0,0,1,,True,2016,12,False
Leptospirosis,2016,50,B53,0,0,0,1,,True,2016,12,False
Leptospirosis,2016,51,B54,0,0,0,1,,True,2016,12,False
Leptospirosis,2016,52,B55,0,0,0,1,,True,2016,12,False
Leptospirosis,2016,53,B56,0,0,0,1,,True,2016,12,True
Leptospirosis,2017,1,C4,0,0,0,1,,True,2017,1,False
Leptospirosis,2017,2,C5,0,0,0,1,,True,2017,1,False
Leptospirosis,2017,3,C6,0,0,0,1,,True,2017,1,False
Leptospirosis,2017,4,C7,0,0,0,1,,True,2017,1,False
Leptospirosis,2017,5,C8,0,0,0,1,,True,2017,2,False
Leptospirosis,2017,6,C9,0,0,0,1,,True,2017,2,False
Leptospirosis,2017,7,C10,0,0,0,1,,True,2017,2,False
Leptospirosis,2017,8,C11,0,0,0,1,,True,2017,2,False
Leptospirosis,2017,9,C12,0,0,0,1,,True,2017,3,False
Leptospirosis,2017,10,C13,0,0,0,1,,True,2017,3,False
Leptospirosis,2017,11,C14,0,0,0,1,,True,2017,3,False
Leptospirosis,2017,12,C15,0,0,0,1,,True,2017,3,False
Leptospirosis,2017,13,C16,0,0,0,1,,True,2017,3,False
Leptospirosis,2017,14,C17,0,0,0,1,,True,2017,4,False
Leptospirosis,2017,15,C18,0,0,0,1,,True,2017,4,False
Leptospirosis,2017,16,C19,0,0,0,1,,True,2017,4,False
Leptospirosis,2017,17,C20,0,0,0,1,,True,2017,4,False
Leptospirosis,2017,18,C21,0,0,0,1,,True,2017,5,False
Leptospirosis,2017,19,C22,0,0,0,1,,True,2017,5,False
Leptospirosis,2017,20,C23,0,0,0,1,,True,2017,5,False
Leptospirosis,2017,21,C24,0,0,0,1,,True,2017,5,False
Leptospirosis,2017,22,C25,0,0,0,1,,True,2017,6,False
Leptospirosis,2017,23,C26,0,0,0,1,,True,2017,6,False
Leptospirosis,2017,24,C27,0,0,0,1,,True,2017,6,False
Leptospirosis,2017,25,C28,0,0,0,1,,True,2017,6,False
Leptospirosis,2017,26,C29,1,1,1,1,,True,2017,6,False
Leptospirosis,2017,27,C30,0,0,0,1,,True,2017,7,False
Leptospirosis,2017,28,C31,0,0,0,1,,True,2017,7,False
Leptospirosis,2017,29,C32,0,0,0,1,,True,2017,7,False
Leptospirosis,2017,30,C33,0,0,0,1,,True,2017,7,False
Leptospirosis,2017,31,C34,1,1,1,1,,True,2017,8,False
Leptospirosis,2017,32,C35,0,0,0,1,,True,2017,8,False
Leptospirosis,2017,33,C36,0,0,0,1,,True,2017,8,False
Leptospirosis,2017,34,C37,0,0,0,1,,True,2017,8,False
Leptospirosis,2017,35,C38,1,1,1,1,,True,2017,8,False
Leptospirosis,2017,36,C39,0,0,0,1,,True,2017,9,False
Leptospirosis,2017,37,C40,0,0,0,1,,True,2017,9,False
Leptospirosis,2017,38,C41,0,0,0,1,,True,2017,9,False
Leptospirosis,2017,39,C42,0,0,0,1,,True,2017,9,False
Leptospirosis,2017,40,C43,0,0,0,1,,True,2017,10,False
Leptospirosis,2017,41,C44,0,0,0,1,,True,2017,10,False
Leptospirosis,2017,42,C45,1,1,1,1,,True,2017,10,False
Leptospirosis,2017,43,C46,0,0,0,1,,True,2017,10,False
Leptospirosis,2017,44,C47,0,0,0,1,,True,2017,11,False
Leptospirosis,2017,45,C48,0,0,0,1,,True,2017,11,False
Leptospirosis,2017,46,C49,0,0,0,1,,True,2017,11,False
Leptospirosis,2017,47,C50,0,0,0,1,,True,2017,11,False
Leptospirosis,2017,48,C51,0,0,0,1,,True,2017,11,False
Leptospirosis,2017,49,C52,0,0,0,1,,True,2017,12,False
Leptospirosis,2017,50,C53,0,0,0,1,,True,2017,12,False
Leptospirosis,2017,51,C54,0,0,0,1,,True,2017,12,False
Leptospirosis,2017,52,C55,0,0,0,1,,True,2017,12,False
Leptospirosis,2017,53,C56,0,0,0,1,,True,2017,12,True
Leptospirosis,2018,1,D4,0,0,0,1,,True,2018,1,False
Leptospirosis,2018,2,D5,0,0,0,1,,True,2018,1,False
Leptospirosis,2018,3,D6,0,0,0,1,,True,2018,1,False
Leptospirosis,2018,4,D7,0,0,0,1,,True,2018,1,False
Leptospirosis,2018,5,D8,0,0,0,1,,True,2018,2,False
Leptospirosis,2018,6,D9,0,0,0,1,,True,2018,2,False
Leptospirosis,2018,7,D10,0,0,0,1,,True,2018,2,False
Leptospirosis,2018,8,D11,0,0,0,1,,True,2018,2,False
Leptospirosis,2018,9,D12,0,0,0,1,,True,2018,3,False
Leptospirosis,2018,10,D13,0,0,0,1,,True,2018,3,False
Leptospirosis,2018,11,D14,0,0,0,1,,True,2018,3,False
Leptospirosis,2018,12,D15,0,0,0,1,,True,2018,3,False
Leptospirosis,2018,13,D16,1,1,1,1,,True,2018,3,False
Leptospirosis,2018,14,D17,0,0,0,1,,True,2018,4,False
Leptospirosis,2018,15,D18,0,0,0,1,,True,2018,4,False
Leptospirosis,2018,16,D19,0,0,0,1,,True,2018,4,False
Leptospirosis,2018,17,D20,0,0,0,1,,True,2018,4,False
Leptospirosis,2018,18,D21,0,0,0,1,,True,2018,5,False
Leptospirosis,2018,19,D22,0,0,0,1,,True,2018,5,False
Leptospirosis,2018,20,D23,0,0,0,1,,True,2018,5,False
Leptospirosis,2018,21,D24,0,0,0,1,,True,2018,5,False
Leptospirosis,2018,22,D25,0,0,0,1,,True,2018,5,False
Leptospirosis,2018,23,D26,0,0,0,1,,True,2018,6,False
Leptospirosis,2018,24,D27,0,0,0,1,,True,2018,6,False
Leptospirosis,2018,25,D28,0,0,0,1,,True,2018,6,False
Leptospirosis,2018,26,D29,0,0,0,1,,True,2018,6,False
Leptospirosis,2018,27,D30,0,0,0,1,,True,2018,7,False
Leptospirosis,2018,28,D31,0,0,0,1,,True,2018,7,False
Leptospirosis,2018,29,D32,2,2,2,1,,True,2018,7,False
Leptospirosis,2018,30,D33,0,0,0,1,,True,2018,7,False
Leptospirosis,2018,31,D34,1,1,1,1,,True,2018,8,False
Leptospirosis,2018,32,D35,1,1,1,1,,True,2018,8,False
Leptospirosis,2018,33,D36,0,0,0,1,,True,2018,8,False
Leptospirosis,2018,34,D37,2,2,2,1,,True,2018,8,False
Leptospirosis,2018,35,D38,2,2,2,1,,True,2018,8,False
Leptospirosis,2018,36,D39,0,0,0,1,,True,2018,9,False
Leptospirosis,2018,37,D40,1,1,1,1,,True,2018,9,False
Leptospirosis,2018,38,D41,0,0,0,1,,True,2018,9,False
Leptospirosis,2018,39,D42,1,1,1,1,,True,2018,9,False
Leptospirosis,2018,40,D43,1,1,1,1,,True,2018,10,False
Leptospirosis,2018,41,D44,0,0,0,1,,True,2018,10,False
Leptospirosis,2018,42,D45,1,1,1,1,,True,2018,10,False
Leptospirosis,2018,43,D46,0,0,0,1,,True,2018,10,False
Leptospirosis,2018,44,D47,0,0,0,1,,True,2018,11,False
Leptospirosis,2018,45,D48,0,0,0,1,,True,2018,11,False
Leptospirosis,2018,46,D49,0,0,0,1,,True,2018,11,False
Leptospirosis,2018,47,D50,0,0,0,1,,True,2018,11,False
Leptospirosis,2018,48,D51,0,0,0,1,,True,2018,11,False
Leptospirosis,2018,49,D52,0,0,0,1,,True,2018,12,False
Leptospirosis,2018,50,D53,0,0,0,1,,True,2018,12,False
Leptospirosis,2018,51,D54,0,0,0,1,,True,2018,12,False
Leptospirosis,2018,52,D55,1,1,1,1,,True,2018,12,False
Leptospirosis,2018,53,D56,0,0,0,1,,True,2018,12,True
Leptospirosis,2019,1,E4,1,1,1,1,,True,2019,1,False
Leptospirosis,2019,2,E5,0,0,0,1,,True,2019,1,False
Leptospirosis,2019,3,E6,0,0,0,1,,True,2019,1,False
Leptospirosis,2019,4,E7,1,1,1,1,,True,2019,1,False
Leptospirosis,2019,5,E8,0,0,0,1,,True,2019,1,False
Leptospirosis,2019,6,E9,0,0,0,1,,True,2019,2,False
Leptospirosis,2019,7,E10,0,0,0,1,,True,2019,2,False
Leptospirosis,2019,8,E11,3,3,3,1,,True,2019,2,False
Leptospirosis,2019,9,E12,1,1,1,1,,True,2019,2,False
Leptospirosis,2019,10,E13,0,0,0,1,,True,2019,3,False
Leptospirosis,2019,11,E14,0,0,0,1,,True,2019,3,False
Leptospirosis,2019,12,E15,0,0,0,1,,True,2019,3,False
Leptospirosis,2019,13,E16,0,0,0,1,,True,2019,3,False
Leptospirosis,2019,14,E17,0,0,0,1,,True,2019,4,False
Leptospirosis,2019,15,E18,0,0,0,1,,True,2019,4,False
Leptospirosis,2019,16,E19,0,0,0,1,,True,2019,4,False
Leptospirosis,2019,17,E20,0,0,0,1,,True,2019,4,False
Leptospirosis,2019,18,E21,0,0,0,1,,True,2019,5,False
Leptospirosis,2019,19,E22,0,0,0,1,,True,2019,5,False
Leptospirosis,2019,20,E23,0,0,0,1,,True,2019,5,False
Leptospirosis,2019,21,E24,0,0,0,1,,True,2019,5,False
Leptospirosis,2019,22,E25,0,0,0,1,,True,2019,5,False
Leptospirosis,2019,23,E26,0,0,0,1,,True,2019,6,False
Leptospirosis,2019,24,E27,0,0,0,1,,True,2019,6,False
Leptospirosis,2019,25,E28,0,0,0,1,,True,2019,6,False
Leptospirosis,2019,26,E29,0,0,0,1,,True,2019,6,False
Leptospirosis,2019,27,E30,0,0,0,1,,True,2019,7,False
Leptospirosis,2019,28,E31,0,0,0,1,,True,2019,7,False
Leptospirosis,2019,29,E32,0,0,0,1,,True,2019,7,False
Leptospirosis,2019,30,E33,0,0,0,1,,True,2019,7,False
Leptospirosis,2019,31,E34,0,0,0,1,,True,2019,8,False
Leptospirosis,2019,32,E35,0,0,0,1,,True,2019,8,False
Leptospirosis,2019,33,E36,0,0,0,1,,True,2019,8,False
Leptospirosis,2019,34,E37,0,0,0,1,,True,2019,8,False
Leptospirosis,2019,35,E38,0,0,0,1,,True,2019,8,False
Leptospirosis,2019,36,E39,0,0,0,1,,True,2019,9,False
Leptospirosis,2019,37,E40,0,0,0,1,,True,2019,9,False
Leptospirosis,2019,38,E41,0,0,0,1,,True,2019,9,False
Leptospirosis,2019,39,E42,0,0,0,1,,True,2019,9,False
Leptospirosis,2019,40,E43,0,0,0,1,,True,2019,10,False
Leptospirosis,2019,41,E44,0,0,0,1,,True,2019,10,False
Leptospirosis,2019,42,E45,0,0,0,1,,True,2019,10,False
Leptospirosis,2019,43,E46,0,0,0,1,,True,2019,10,False
Leptospirosis,2019,44,E47,0,0,0,1,,True,2019,10,False
Leptospirosis,2019,45,E48,0,0,0,1,,True,2019,11,False
Leptospirosis,2019,46,E49,0,0,0,1,,True,2019,11,False
Leptospirosis,2019,47,E50,0,0,0,1,,True,2019,11,False
Leptospirosis,2019,48,E51,0,0,0,1,,True,2019,11,False
Leptospirosis,2019,49,E52,0,0,0,1,,True,2019,12,False
Leptospirosis,2019,50,E53,0,0,0,1,,True,2019,12,False
Leptospirosis,2019,51,E54,0,0,0,1,,True,2019,12,False
Leptospirosis,2019,52,E55,0,0,0,1,,True,2019,12,False
Leptospirosis,2019,53,E56,0,0,0,1,,True,2019,12,True
Leptospirosis,2020,1,F4,0,0,0,1,,True,2020,1,False
Leptospirosis,2020,2,F5,0,0,0,1,,True,2020,1,False
Leptospirosis,2020,3,F6,0,0,0,1,,True,2020,1,False
Leptospirosis,2020,4,F7,0,0,0,1,,True,2020,1,False
Leptospirosis,2020,5,F8,0,0,0,1,,True,2020,1,False
Leptospirosis,2020,6,F9,0,0,0,1,,True,2020,2,False
Leptospirosis,2020,7,F10,0,0,0,1,,True,2020,2,False
Leptospirosis,2020,8,F11,0,0,0,1,,True,2020,2,False
Leptospirosis,2020,9,F12,0,0,0,1,,True,2020,2,False
Leptospirosis,2020,10,F13,0,0,0,1,,True,2020,3,False
Leptospirosis,2020,11,F14,0,0,0,1,,True,2020,3,False
Leptospirosis,2020,12,F15,0,0,0,1,,True,2020,3,False
Leptospirosis,2020,13,F16,0,0,0,1,,True,2020,3,False
Leptospirosis,2020,14,F17,0,0,0,1,,True,2020,4,False
Leptospirosis,2020,15,F18,0,0,0,1,,True,2020,4,False
Leptospirosis,2020,16,F19,0,0,0,1,,True,2020,4,False
Leptospirosis,2020,17,F20,0,0,0,1,,True,2020,4,False
Leptospirosis,2020,18,F21,0,0,0,1,,True,2020,4,False
Leptospirosis,2020,19,F22,0,0,0,1,,True,2020,5,False
Leptospirosis,2020,20,F23,0,0,0,1,,True,2020,5,False
Leptospirosis,2020,21,F24,0,0,0,1,,True,2020,5,False
Leptospirosis,2020,22,F25,0,0,0,1,,True,2020,5,False
Leptospirosis,2020,23,F26,0,0,0,1,,True,2020,6,False
Leptospirosis,2020,24,F27,0,0,0,1,,True,2020,6,False
Leptospirosis,2020,25,F28,0,0,0,1,,True,2020,6,False
Leptospirosis,2020,26,F29,0,0,0,1,,True,2020,6,False
Leptospirosis,2020,27,F30,0,0,0,1,,True,2020,7,False
Leptospirosis,2020,28,F31,0,0,0,1,,True,2020,7,False
Leptospirosis,2020,29,F32,0,0,0,1,,True,2020,7,False
Leptospirosis,2020,30,F33,0,0,0,1,,True,2020,7,False
Leptospirosis,2020,31,F34,0,0,0,1,,True,2020,7,False
Leptospirosis,2020,32,F35,0,0,0,1,,True,2020,8,False
Leptospirosis,2020,33,F36,0,0,0,1,,True,2020,8,False
Leptospirosis,2020,34,F37,0,0,0,1,,True,2020,8,False
Leptospirosis,2020,35,F38,0,0,0,1,,True,2020,8,False
Leptospirosis,2020,36,F39,0,0,0,1,,True,2020,9,False
Leptospirosis,2020,37,F40,0,0,0,1,,True,2020,9,False
Leptospirosis,2020,38,F41,0,0,0,1,,True,2020,9,False
Leptospirosis,2020,39,F42,1,1,1,1,,True,2020,9,False
Leptospirosis,2020,40,F43,1,1,1,1,,True,2020,10,False
Leptospirosis,2020,41,F44,0,0,0,1,,True,2020,10,False
Leptospirosis,2020,42,F45,0,0,0,1,,True,2020,10,False
Leptospirosis,2020,43,F46,0,0,0,1,,True,2020,10,False
Leptospirosis,2020,44,F47,0,0,0,1,,True,2020,10,False
Leptospirosis,2020,45,F48,0,0,0,1,,True,2020,11,False
Leptospirosis,2020,46,F49,0,0,0,1,,True,2020,11,False
Leptospirosis,2020,47,F50,0,0,0,1,,True,2020,11,False
Leptospirosis,2020,48,F51,2,2,2,1,,True,2020,11,False
Leptospirosis,2020,49,F52,1,1,1,1,,True,2020,12,False
Leptospirosis,2020,50,F53,0,0,0,1,,True,2020,12,False
Leptospirosis,2020,51,F54,0,0,0,1,,True,2020,12,False
Leptospirosis,2020,52,F55,0,0,0,1,,True,2020,12,False
Leptospirosis,2020,53,F56,0,0,0,1,,True,2020,12,False
Leptospirosis,2021,1,G4,0,0,0,1,,True,2021,1,False
Leptospirosis,2021,2,G5,0,0,0,1,,True,2021,1,False
Leptospirosis,2021,3,G6,0,0,0,1,,True,2021,1,False
Leptospirosis,2021,4,G7,0,0,0,1,,True,2021,1,False
Leptospirosis,2021,5,G8,0,0,0,1,,True,2021,2,False
Leptospirosis,2021,6,G9,0,0,0,1,,True,2021,2,False
Leptospirosis,2021,7,G10,0,0,0,1,,True,2021,2,False
Leptospirosis,2021,8,G11,0,0,0,1,,True,2021,2,False
Leptospirosis,2021,9,G12,0,0,0,1,,True,2021,3,False
Leptospirosis,2021,10,G13,0,0,0,1,,True,2021,3,False
Leptospirosis,2021,11,G14,1,1,1,1,,True,2021,3,False
Leptospirosis,2021,12,G15,0,0,0,1,,True,2021,3,False
Leptospirosis,2021,13,G16,0,0,0,1,,True,2021,4,False
Leptospirosis,2021,14,G17,0,0,0,1,,True,2021,4,False
Leptospirosis,2021,15,G18,0,0,0,1,,True,2021,4,False
Leptospirosis,2021,16,G19,0,0,0,1,,True,2021,4,False
Leptospirosis,2021,17,G20,0,0,0,1,,True,2021,4,False
Leptospirosis,2021,18,G21,0,0,0,1,,True,2021,5,False
Leptospirosis,2021,19,G22,0,0,0,1,,True,2021,5,False
Leptospirosis,2021,20,G23,0,0,0,1,,True,2021,5,False
Leptospirosis,2021,21,G24,0,0,0,1,,True,2021,5,False
Leptospirosis,2021,22,G25,0,0,0,1,,True,2021,6,False
Leptospirosis,2021,23,G26,0,0,0,1,,True,2021,6,False
Leptospirosis,2021,24,G27,0,0,0,1,,True,2021,6,False
Leptospirosis,2021,25,G28,0,0,0,1,,True,2021,6,False
Leptospirosis,2021,26,G29,0,0,0,1,,True,2021,7,False
Leptospirosis,2021,27,G30,0,0,0,1,,True,2021,7,False
Leptospirosis,2021,28,G31,0,0,0,1,,True,2021,7,False
Leptospirosis,2021,29,G32,0,0,0,1,,True,2021,7,False
Leptospirosis,2021,30,G33,0,0,0,1,,True,2021,7,False
Leptospirosis,2021,31,G34,2,2,2,1,,True,2021,8,False
Leptospirosis,2021,32,G35,0,0,0,1,,True,2021,8,False
Leptospirosis,2021,33,G36,0,0,0,1,,True,2021,8,False
Leptospirosis,2021,34,G37,0,0,0,1,,True,2021,8,False
Leptospirosis,2021,35,G38,0,0,0,1,,True,2021,9,False
Leptospirosis,2021,36,G39,0,0,0,1,,True,2021,9,False
Leptospirosis,2021,37,G40,0,0,0,1,,True,2021,9,False
Leptospirosis,2021,38,G41,0,0,0,1,,True,2021,9,False
Leptospirosis,2021,39,G42,0,0,0,1,,True,2021,9,False
Leptospirosis,2021,40,G43,0,0,0,1,,True,2021,10,False
Leptospirosis,2021,41,G44,0,0,0,1,,True,2021,10,False
Leptospirosis,2021,42,G45,0,0,0,1,,True,2021,10,False
Leptospirosis,2021,43,G46,0,0,0,1,,True,2021,10,False
Leptospirosis,2021,44,G47,0,0,0,1,,True,2021,11,False
Leptospirosis,2021,45,G48,0,0,0,1,,True,2021,11,False
Leptospirosis,2021,46,G49,0,0,0,1,,True,2021,11,False
Leptospirosis,2021,47,G50,0,0,0,1,,True,2021,11,False
Leptospirosis,2021,48,G51,0,0,0,1,,True,2021,12,False
Leptospirosis,2021,49,G52,0,0,0,1,,True,2021,12,False
Leptospirosis,2021,50,G53,0,0,0,1,,True,2021,12,False
Leptospirosis,2021,51,G54,0,0,0,1,,True,2021,12,False
Leptospirosis,2021,52,G55,0,0,0,1,,True,2021,12,False
Leptospirosis,2021,53,G56,0,0,0,1,,True,2021,12,True
Leptospirosis,2022,1,H4,1,1,1,1,,True,2022,1,False
Leptospirosis,2022,2,H5,0,0,0,1,,True,2022,1,False
Leptospirosis,2022,3,H6,0,0,0,1,,True,2022,1,False
Leptospirosis,2022,4,H7,0,0,0,1,,True,2022,1,False
Leptospirosis,2022,5,H8,0,0,0,1,,True,2022,2,False
Leptospirosis,2022,6,H9,0,0,0,1,,True,2022,2,False
Leptospirosis,2022,7,H10,0,0,0,1,,True,2022,2,False
Leptospirosis,2022,8,H11,0,0,0,1,,True,2022,2,False
Leptospirosis,2022,9,H12,0,0,0,1,,True,2022,3,False
Leptospirosis,2022,10,H13,0,0,0,1,,True,2022,3,False
Leptospirosis,2022,11,H14,0,0,0,1,,True,2022,3,False
Leptospirosis,2022,12,H15,0,0,0,1,,True,2022,3,False
Leptospirosis,2022,13,H16,0,0,0,1,,True,2022,3,False
Leptospirosis,2022,14,H17,0,0,0,1,,True,2022,4,False
Leptospirosis,2022,15,H18,0,0,0,1,,True,2022,4,False
Leptospirosis,2022,16,H19,0,0,0,1,,True,2022,4,False
Leptospirosis,2022,17,H20,0,0,0,1,,True,2022,4,False
Leptospirosis,2022,18,H21,0,0,0,1,,True,2022,5,False
Leptospirosis,2022,19,H22,0,0,0,1,,True,2022,5,False
Leptospirosis,2022,20,H23,0,0,0,1,,True,2022,5,False
Leptospirosis,2022,21,H24,0,0,0,1,,True,2022,5,False
Leptospirosis,2022,22,H25,0,0,0,1,,True,2022,6,False
Leptospirosis,2022,23,H26,0,0,0,1,,True,2022,6,False
Leptospirosis,2022,24,H27,0,0,0,1,,True,2022,6,False
Leptospirosis,2022,25,H28,0,0,0,1,,True,2022,6,False
Leptospirosis,2022,26,H29,0,0,0,1,,True,2022,6,False
Leptospirosis,2022,27,H30,2,2,2,1,,True,2022,7,False
Leptospirosis,2022,28,H31,0,0,0,1,,True,2022,7,False
Leptospirosis,2022,29,H32,0,0,0,1,,True,2022,7,False
Leptospirosis,2022,30,H33,1,1,1,1,,True,2022,7,False
Leptospirosis,2022,31,H34,1,1,1,1,,True,2022,8,False
Leptospirosis,2022,32,H35,1,1,1,1,,True,2022,8,False
Leptospirosis,2022,33,H36,1,1,1,1,,True,2022,8,False
Leptospirosis,2022,34,H37,1,1,1,1,,True,2022,8,False
Leptospirosis,2022,35,H38,1,1,1,1,,True,2022,9,False
Leptospirosis,2022,36,H39,0,0,0,1,,True,2022,9,False
Leptospirosis,2022,37,H40,0,0,0,1,,True,2022,9,False
Leptospirosis,2022,38,H41,1,1,1,1,,True,2022,9,False
Leptospirosis,2022,39,H42,1,1,1,1,,True,2022,9,False
Leptospirosis,2022,40,H43,0,0,0,1,,True,2022,10,False
Leptospirosis,2022,41,H44,1,1,1,1,,True,2022,10,False
Leptospirosis,2022,42,H45,0,0,0,1,,True,2022,10,False
Leptospirosis,2022,43,H46,1,1,1,1,,True,2022,10,False
Leptospirosis,2022,44,H47,0,0,0,1,,True,2022,11,False
Leptospirosis,2022,45,H48,1,1,1,1,,True,2022,11,False
Leptospirosis,2022,46,H49,0,0,0,1,,True,2022,11,False
Leptospirosis,2022,47,H50,0,0,0,1,,True,2022,11,False
Leptospirosis,2022,48,H51,1,1,1,1,,True,2022,12,False
Leptospirosis,2022,49,H52,1,1,1,1,,True,2022,12,False
Leptospirosis,2022,50,H53,0,0,0,1,,True,2022,12,False
Leptospirosis,2022,51,H54,0,0,0,1,,True,2022,12,False
Leptospirosis,2022,52,H55,0,0,0,1,,True,2022,12,False
Leptospirosis,2022,53,H56,0,0,0,1,,True,2022,12,True
Leptospirosis,2023,1,I4,0,0,0,1,,True,2023,1,False
Leptospirosis,2023,2,I5,0,0,0,1,,True,2023,1,False
Leptospirosis,2023,3,I6,1,1,1,1,,True,2023,1,False
Leptospirosis,2023,4,I7,0,0,0,1,,True,2023,1,False
Leptospirosis,2023,5,I8,0,0,0,1,,True,2023,2,False
Leptospirosis,2023,6,I9,0,0,0,1,,True,2023,2,False
Leptospirosis,2023,7,I10,1,1,1,1,,True,2023,2,False
Leptospirosis,2023,8,I11,0,0,0,1,,True,2023,2,False
Leptospirosis,2023,9,I12,0,0,0,1,,True,2023,3,False
Leptospirosis,2023,10,I13,0,0,0,1,,True,2023,3,False
Leptospirosis,2023,11,I14,0,0,0,1,,True,2023,3,False
Leptospirosis,2023,12,I15,1,1,1,1,,True,2023,3,False
Leptospirosis,2023,13,I16,1,1,1,1,,True,2023,3,False
Leptospirosis,2023,14,I17,0,0,0,1,,True,2023,4,False
Leptospirosis,2023,15,I18,0,0,0,1,,True,2023,4,False
Leptospirosis,2023,16,I19,0,0,0,1,,True,2023,4,False
Leptospirosis,2023,17,I20,1,1,1,1,,True,2023,4,False
Leptospirosis,2023,18,I21,0,0,0,1,,True,2023,5,False
Leptospirosis,2023,19,I22,2,2,2,1,,True,2023,5,False
Leptospirosis,2023,20,I23,0,0,0,1,,True,2023,5,False
Leptospirosis,2023,21,I24,0,0,0,1,,True,2023,5,False
Leptospirosis,2023,22,I25,0,0,0,1,,True,2023,6,False
Leptospirosis,2023,23,I26,1,1,1,1,,True,2023,6,False
Leptospirosis,2023,24,I27,1,1,1,1,,True,2023,6,False
Leptospirosis,2023,25,I28,1,1,1,1,,True,2023,6,False
Leptospirosis,2023,26,I29,1,1,1,1,,True,2023,6,False
Leptospirosis,2023,27,I30,2,2,2,1,,True,2023,7,False
Leptospirosis,2023,28,I31,4,4,4,1,,True,2023,7,False
Leptospirosis,2023,29,I32,7,7,7,1,,True,2023,7,False
Leptospirosis,2023,30,I33,10,10,10,1,,True,2023,7,False
Leptospirosis,2023,31,I34,6,6,6,1,,True,2023,8,False
Leptospirosis,2023,32,I35,15,15,15,1,,True,2023,8,False
Leptospirosis,2023,33,I36,7,7,7,1,,True,2023,8,False
Leptospirosis,2023,34,I37,5,5,5,1,,True,2023,8,False
Leptospirosis,2023,35,I38,3,3,3,1,,True,2023,8,False
Leptospirosis,2023,36,I39,5,5,5,1,,True,2023,9,False
Leptospirosis,2023,37,I40,10,10,10,1,,True,2023,9,False
Leptospirosis,2023,38,I41,4,4,4,1,,True,2023,9,False
Leptospirosis,2023,39,I42,7,7,7,1,,True,2023,9,False
Leptospirosis,2023,40,I43,8,8,8,1,,True,2023,10,False
Leptospirosis,2023,41,I44,5,5,5,1,,True,2023,10,False
Leptospirosis,2023,42,I45,5,5,5,1,,True,2023,10,False
Leptospirosis,2023,43,I46,1,1,1,1,,True,2023,10,False
Leptospirosis,2023,44,I47,1,1,1,1,,True,2023,11,False
Leptospirosis,2023,45,I48,0,0,0,1,,True,2023,11,False
Leptospirosis,2023,46,I49,3,3,3,1,,True,2023,11,False
Leptospirosis,2023,47,I50,2,2,2,1,,True,2023,11,False
Leptospirosis,2023,48,I51,1,1,1,1,,True,2023,11,False
Leptospirosis,2023,49,I52,1,1,1,1,,True,2023,12,False
Leptospirosis,2023,50,I53,0,0,0,1,,True,2023,12,False
Leptospirosis,2023,51,I54,1,1,1,1,,True,2023,12,False
Leptospirosis,2023,52,I55,0,0,0,1,,True,2023,12,False
Leptospirosis,2023,53,I56,0,0,0,1,,True,2023,12,True
Leptospirosis,2024,1,J4,0,0,0,1,,True,2024,1,False
Leptospirosis,2024,2,J5,1,1,1,1,,True,2024,1,False
Leptospirosis,2024,3,J6,1,1,1,1,,True,2024,1,False
Leptospirosis,2024,4,J7,0,0,0,1,,True,2024,1,False
Leptospirosis,2024,5,J8,0,0,0,1,,True,2024,2,False
Leptospirosis,2024,6,J9,1,1,1,1,,True,2024,2,False
Leptospirosis,2024,7,J10,1,1,1,1,,True,2024,2,False
Leptospirosis,2024,8,J11,0,0,0,1,,True,2024,2,False
Leptospirosis,2024,9,J12,0,0,0,1,,True,2024,2,False
Leptospirosis,2024,10,J13,0,0,0,1,,True,2024,3,False
Leptospirosis,2024,11,J14,0,0,0,1,,True,2024,3,False
Leptospirosis,2024,12,J15,0,0,0,1,,True,2024,3,False
Leptospirosis,2024,13,J16,1,1,1,1,,True,2024,3,False
Leptospirosis,2024,14,J17,0,0,0,1,,True,2024,4,False
Leptospirosis,2024,15,J18,0,0,0,1,,True,2024,4,False
Leptospirosis,2024,16,J19,1,1,1,1,,True,2024,4,False
Leptospirosis,2024,17,J20,0,0,0,1,,True,2024,4,False
Leptospirosis,2024,18,J21,0,0,0,1,,True,2024,5,False
Leptospirosis,2024,19,J22,0,0,0,1,,True,2024,5,False
Leptospirosis,2024,20,J23,0,0,0,1,,True,2024,5,False
Leptospirosis,2024,21,J24,1,1,1,1,,True,2024,5,False
Leptospirosis,2024,22,J25,0,0,0,1,,True,2024,5,False
Leptospirosis,2024,23,J26,1,1,1,1,,True,2024,6,False
Leptospirosis,2024,24,J27,0,0,0,1,,True,2024,6,False
Leptospirosis,2024,25,J28,2,2,2,1,,True,2024,6,False
Leptospirosis,2024,26,J29,1,1,1,1,,True,2024,6,False
Leptospirosis,2024,27,J30,3,3,3,1,,True,2024,7,False
Leptospirosis,2024,28,J31,3,3,3,1,,True,2024,7,False
Leptospirosis,2024,29,J32,0,0,0,1,,True,2024,7,False
Leptospirosis,2024,30,J33,7,7,7,1,,True,2024,7,False
Leptospirosis,2024,31,J34,10,10,10,1,,True,2024,8,False
Leptospirosis,2024,32,J35,5,5,5,1,,True,2024,8,False
Leptospirosis,2024,33,J36,4,4,4,1,,True,2024,8,False
Leptospirosis,2024,34,J37,2,2,2,1,,True,2024,8,False
Leptospirosis,2024,35,J38,6,6,6,1,,True,2024,8,False
Leptospirosis,2024,36,J39,4,4,4,1,,True,2024,9,False
Leptospirosis,2024,37,J40,11,11,11,1,,True,2024,9,False
Leptospirosis,2024,38,J41,9,9,9,1,,True,2024,9,False
Leptospirosis,2024,39,J42,2,2,2,1,,True,2024,9,False
Leptospirosis,2024,40,J43,2,2,2,1,,True,2024,10,False
Leptospirosis,2024,41,J44,0,0,0,1,,True,2024,10,False
Leptospirosis,2024,42,J45,1,1,1,1,,True,2024,10,False
Leptospirosis,2024,43,J46,1,1,1,1,,True,2024,10,False
Leptospirosis,2024,44,J47,1,1,1,1,,True,2024,10,False
Leptospirosis,2024,45,J48,1,1,1,1,,True,2024,11,False
Leptospirosis,2024,46,J49,2,2,2,1,,True,2024,11,False
Leptospirosis,2024,47,J50,0,0,0,1,,True,2024,11,False
Leptospirosis,2024,48,J51,0,0,0,1,,True,2024,11,False
Leptospirosis,2024,49,J52,2,2,2,1,,True,2024,12,False
Leptospirosis,2024,50,J53,0,0,0,1,,True,2024,12,False
Leptospirosis,2024,51,J54,0,0,0,1,,True,2024,12,False
Leptospirosis,2024,52,J55,0,0,0,1,,True,2024,12,False
Leptospirosis,2024,53,J56,0,0,0,1,,True,2024,12,True
Leptospirosis,2025,1,K4,0,0,0,1,,True,2025,1,False
Leptospirosis,2025,2,K5,1,1,1,1,,True,2025,1,False
Leptospirosis,2025,3,K6,1,1,1,1,,True,2025,1,False
Leptospirosis,2025,4,K7,1,1,1,1,,True,2025,1,False
Leptospirosis,2025,5,K8,0,0,0,1,,True,2025,1,False
Leptospirosis,2025,6,K9,0,0,0,1,,True,2025,2,False
Leptospirosis,2025,7,K10,0,0,0,1,,True,2025,2,False
Leptospirosis,2025,8,K11,1,1,1,1,,True,2025,2,False
Leptospirosis,2025,9,K12,0,0,0,1,,True,2025,2,False
Leptospirosis,2025,10,K13,0,0,0,1,,True,2025,3,False
Leptospirosis,2025,11,K14,0,0,0,1,,True,2025,3,False
Leptospirosis,2025,12,K15,0,0,0,1,,True,2025,3,False
Leptospirosis,2025,13,K16,0,0,0,1,,True,2025,3,False
Leptospirosis,2025,14,K17,0,0,0,1,,True,2025,4,False
Leptospirosis,2025,15,K18,1,1,1,1,,True,2025,4,False
Leptospirosis,2025,16,K19,1,1,1,1,,True,2025,4,False
Leptospirosis,2025,17,K20,3,3,3,1,,True,2025,4,False
Leptospirosis,2025,18,K21,0,0,0,1,,True,2025,5,False
Leptospirosis,2025,19,K22,1,1,1,1,,True,2025,5,False
Leptospirosis,2025,20,K23,2,2,2,1,,True,2025,5,False
Leptospirosis,2025,21,K24,1,1,1,1,,True,2025,5,False
Leptospirosis,2025,22,K25,1,1,1,1,,True,2025,5,False
Leptospirosis,2025,23,K26,2,2,2,1,,True,2025,6,False
Leptospirosis,2025,24,K27,1,1,1,1,,True,2025,6,False
Leptospirosis,2025,25,K28,1,1,1,1,,True,2025,6,False
Leptospirosis,2025,26,K29,1,1,1,1,,True,2025,6,False
Leptospirosis,2025,27,K30,4,4,4,1,,True,2025,7,False
Leptospirosis,2025,28,K31,4,4,4,1,,True,2025,7,False
Leptospirosis,2025,29,K32,4,4,4,1,,True,2025,7,False
Leptospirosis,2025,30,K33,15,15,15,1,,True,2025,7,False
Leptospirosis,2025,31,K34,19,19,19,1,,True,2025,7,False
Leptospirosis,2025,32,K35,20,20,20,1,,True,2025,8,False
Leptospirosis,2025,33,K36,3,3,3,1,,True,2025,8,False
Leptospirosis,2025,34,K37,1,1,1,1,,True,2025,8,False
Leptospirosis,2025,35,K38,3,3,3,1,,True,2025,8,False
Leptospirosis,2025,36,K39,2,2,2,1,,True,2025,9,False
Leptospirosis,2025,37,K40,1,1,1,1,,True,2025,9,False
Leptospirosis,2025,38,K41,4,4,4,1,,True,2025,9,False
Leptospirosis,2025,39,K42,5,5,5,1,,True,2025,9,False
Leptospirosis,2025,40,K43,1,1,1,1,,True,2025,10,False
Leptospirosis,2025,41,K44,2,2,2,1,,True,2025,10,False
Leptospirosis,2025,42,K45,0,0,0,1,,True,2025,10,False
Leptospirosis,2025,43,K46,1,1,1,1,,True,2025,10,False
Leptospirosis,2025,44,K47,1,1,1,1,,True,2025,10,False
Leptospirosis,2025,45,K48,1,1,1,1,,True,2025,11,False
Leptospirosis,2025,46,K49,0,0,0,1,,True,2025,11,False
Leptospirosis,2025,47,K50,0,0,0,1,,True,2025,11,False
Leptospirosis,2025,48,K51,0,0,0,1,,True,2025,11,False
Leptospirosis,2025,49,K52,1,1,1,1,,True,2025,12,False
Leptospirosis,2025,50,K53,0,0,0,1,,True,2025,12,False
Leptospirosis,2025,51,K54,0,0,0,1,,True,2025,12,False
Leptospirosis,2025,52,K55,0,0,0,1,,True,2025,12,False
Leptospirosis,2025,53,K56,0,0,0,1,,True,2025,12,True
Measles-Rubella,2016,1,B4,0,0,0,1,191.6,True,2016,1,False
Measles-Rubella,2016,2,B5,1,1,1,1,201.6,True,2016,1,False
Measles-Rubella,2016,3,B6,0,0,0,1,211.6,True,2016,1,False
Measles-Rubella,2016,4,B7,0,0,0,1,221.5,True,2016,1,False
Measles-Rubella,2016,5,B8,1,1,1,1,231.5,True,2016,2,False
Measles-Rubella,2016,6,B9,0,0,0,1,241.4,True,2016,2,False
Measles-Rubella,2016,7,B10,0,0,0,1,251.4,True,2016,2,False
Measles-Rubella,2016,8,B11,0,0,0,1,261.3,True,2016,2,False
Measles-Rubella,2016,9,B12,0,0,0,1,271.3,True,2016,3,False
Measles-Rubella,2016,10,B13,0,0,0,1,281.3,True,2016,3,False
Measles-Rubella,2016,11,B14,1,1,1,1,291.2,True,2016,3,False
Measles-Rubella,2016,12,B15,1,1,1,1,301.2,True,2016,3,False
Measles-Rubella,2016,13,B16,2,2,2,1,311.1,True,2016,3,False
Measles-Rubella,2016,14,B17,4,4,4,1,321.1,True,2016,4,False
Measles-Rubella,2016,15,B18,0,0,0,1,331.0,True,2016,4,False
Measles-Rubella,2016,16,B19,0,0,0,1,341.0,True,2016,4,False
Measles-Rubella,2016,17,B20,1,1,1,1,351.0,True,2016,4,False
Measles-Rubella,2016,18,B21,0,0,0,1,360.9,True,2016,5,False
Measles-Rubella,2016,19,B22,2,2,2,1,370.9,True,2016,5,False
Measles-Rubella,2016,20,B23,0,0,0,1,380.8,True,2016,5,False
Measles-Rubella,2016,21,B24,0,0,0,1,390.8,True,2016,5,False
Measles-Rubella,2016,22,B25,0,0,0,1,400.7,True,2016,6,False
Measles-Rubella,2016,23,B26,0,0,0,1,410.7,True,2016,6,False
Measles-Rubella,2016,24,B27,0,0,0,1,420.7,True,2016,6,False
Measles-Rubella,2016,25,B28,0,0,0,1,430.6,True,2016,6,False
Measles-Rubella,2016,26,B29,0,0,0,1,440.6,True,2016,6,False
Measles-Rubella,2016,27,B30,0,0,0,1,450.5,True,2016,7,False
Measles-Rubella,2016,28,B31,1,1,1,1,460.5,True,2016,7,False
Measles-Rubella,2016,29,B32,1,1,1,1,470.4,True,2016,7,False
Measles-Rubella,2016,30,B33,2,2,2,1,480.4,True,2016,7,False
Measles-Rubella,2016,31,B34,2,2,2,1,490.4,True,2016,8,False
Measles-Rubella,2016,32,B35,2,2,2,1,500.3,True,2016,8,False
Measles-Rubella,2016,33,B36,4,4,4,1,510.3,True,2016,8,False
Measles-Rubella,2016,34,B37,1,1,1,1,520.2,True,2016,8,False
Measles-Rubella,2016,35,B38,2,2,2,1,530.2,True,2016,9,False
Measles-Rubella,2016,36,B39,0,0,0,1,540.1,True,2016,9,False
Measles-Rubella,2016,37,B40,1,1,1,1,550.1,True,2016,9,False
Measles-Rubella,2016,38,B41,0,0,0,1,560.1,True,2016,9,False
Measles-Rubella,2016,39,B42,2,2,2,1,570.0,True,2016,9,False
Measles-Rubella,2016,40,B43,6,6,6,1,580.0,True,2016,10,False
Measles-Rubella,2016,41,B44,2,2,2,1,589.9,True,2016,10,False
Measles-Rubella,2016,42,B45,2,2,2,1,599.9,True,2016,10,False
Measles-Rubella,2016,43,B46,1,1,1,1,609.8,True,2016,10,False
Measles-Rubella,2016,44,B47,0,0,0,1,619.8,True,2016,11,False
Measles-Rubella,2016,45,B48,0,0,0,1,629.8,True,2016,11,False
Measles-Rubella,2016,46,B49,1,1,1,1,639.7,True,2016,11,False
Measles-Rubella,2016,47,B50,2,2,2,1,649.7,True,2016,11,False
Measles-Rubella,2016,48,B51,4,4,4,1,659.6,True,2016,12,False
Measles-Rubella,2016,49,B52,0,0,0,1,669.6,True,2016,12,False
Measles-Rubella,2016,50,B53,2,2,2,1,679.5,True,2016,12,False
Measles-Rubella,2016,51,B54,0,0,0,1,689.5,True,2016,12,False
Measles-Rubella,2016,52,B55,0,0,0,1,699.4,True,2016,12,False
Measles-Rubella,2016,53,B56,0,0,0,1,709.4,True,2016,12,True
Measles-Rubella,2017,1,C4,2,2,2,1,191.6,True,2017,1,False
Measles-Rubella,2017,2,C5,0,0,0,1,201.6,True,2017,1,False
Measles-Rubella,2017,3,C6,1,1,1,1,211.6,True,2017,1,False
Measles-Rubella,2017,4,C7,3,3,3,1,221.5,True,2017,1,False
Measles-Rubella,2017,5,C8,2,2,2,1,231.5,True,2017,2,False
Measles-Rubella,2017,6,C9,1,1,1,1,241.4,True,2017,2,False
Measles-Rubella,2017,7,C10,4,4,4,1,251.4,True,2017,2,False
Measles-Rubella,2017,8,C11,2,2,2,1,261.3,True,2017,2,False
Measles-Rubella,2017,9,C12,0,0,0,1,271.3,True,2017,3,False
Measles-Rubella,2017,10,C13,0,0,0,1,281.3,True,2017,3,False
Measles-Rubella,2017,11,C14,3,3,3,1,291.2,True,2017,3,False
Measles-Rubella,2017,12,C15,3,3,3,1,301.2,True,2017,3,False
Measles-Rubella,2017,13,C16,0,0,0,1,311.1,True,2017,3,False
Measles-Rubella,2017,14,C17,1,1,1,1,321.1,True,2017,4,False
Measles-Rubella,2017,15,C18,0,0,0,1,331.0,True,2017,4,False
Measles-Rubella,2017,16,C19,0,0,0,1,341.0,True,2017,4,False
Measles-Rubella,2017,17,C20,1,1,1,1,351.0,True,2017,4,False
Measles-Rubella,2017,18,C21,0,0,0,1,360.9,True,2017,5,False
Measles-Rubella,2017,19,C22,1,1,1,1,370.9,True,2017,5,False
Measles-Rubella,2017,20,C23,5,5,5,1,380.8,True,2017,5,False
Measles-Rubella,2017,21,C24,1,1,1,1,390.8,True,2017,5,False
Measles-Rubella,2017,22,C25,2,2,2,1,400.7,True,2017,6,False
Measles-Rubella,2017,23,C26,1,1,1,1,410.7,True,2017,6,False
Measles-Rubella,2017,24,C27,3,3,3,1,420.7,True,2017,6,False
Measles-Rubella,2017,25,C28,3,3,3,1,430.6,True,2017,6,False
Measles-Rubella,2017,26,C29,2,2,2,1,440.6,True,2017,6,False
Measles-Rubella,2017,27,C30,0,0,0,1,450.5,True,2017,7,False
Measles-Rubella,2017,28,C31,1,1,1,1,460.5,True,2017,7,False
Measles-Rubella,2017,29,C32,1,1,1,1,470.4,True,2017,7,False
Measles-Rubella,2017,30,C33,0,0,0,1,480.4,True,2017,7,False
Measles-Rubella,2017,31,C34,3,3,3,1,490.4,True,2017,8,False
Measles-Rubella,2017,32,C35,0,0,0,1,500.3,True,2017,8,False
Measles-Rubella,2017,33,C36,3,3,3,1,510.3,True,2017,8,False
Measles-Rubella,2017,34,C37,0,0,0,1,520.2,True,2017,8,False
Measles-Rubella,2017,35,C38,5,5,5,1,530.2,True,2017,8,False
Measles-Rubella,2017,36,C39,0,0,0,1,540.1,True,2017,9,False
Measles-Rubella,2017,37,C40,0,0,0,1,550.1,True,2017,9,False
Measles-Rubella,2017,38,C41,3,3,3,1,560.1,True,2017,9,False
Measles-Rubella,2017,39,C42,0,0,0,1,570.0,True,2017,9,False
Measles-Rubella,2017,40,C43,1,1,1,1,580.0,True,2017,10,False
Measles-Rubella,2017,41,C44,2,2,2,1,589.9,True,2017,10,False
Measles-Rubella,2017,42,C45,1,1,1,1,599.9,True,2017,10,False
Measles-Rubella,2017,43,C46,0,0,0,1,609.8,True,2017,10,False
Measles-Rubella,2017,44,C47,0,0,0,1,619.8,True,2017,11,False
Measles-Rubella,2017,45,C48,0,0,0,1,629.8,True,2017,11,False
Measles-Rubella,2017,46,C49,1,1,1,1,639.7,True,2017,11,False
Measles-Rubella,2017,47,C50,1,1,1,1,649.7,True,2017,11,False
Measles-Rubella,2017,48,C51,0,0,0,1,659.6,True,2017,11,False
Measles-Rubella,2017,49,C52,0,0,0,1,669.6,True,2017,12,False
Measles-Rubella,2017,50,C53,0,0,0,1,679.5,True,2017,12,False
Measles-Rubella,2017,51,C54,0,0,0,1,689.5,True,2017,12,False
Measles-Rubella,2017,52,C55,1,1,1,1,699.4,True,2017,12,False
Measles-Rubella,2017,53,C56,0,0,0,1,709.4,True,2017,12,True
Measles-Rubella,2018,1,D4,10,10,10,1,191.6,True,2018,1,False
Measles-Rubella,2018,2,D5,0,0,0,1,201.6,True,2018,1,False
Measles-Rubella,2018,3,D6,0,0,0,1,211.6,True,2018,1,False
Measles-Rubella,2018,4,D7,2,2,2,1,221.5,True,2018,1,False
Measles-Rubella,2018,5,D8,2,2,2,1,231.5,True,2018,2,False
Measles-Rubella,2018,6,D9,0,0,0,1,241.4,True,2018,2,False
Measles-Rubella,2018,7,D10,1,1,1,1,251.4,True,2018,2,False
Measles-Rubella,2018,8,D11,1,1,1,1,261.3,True,2018,2,False
Measles-Rubella,2018,9,D12,2,2,2,1,271.3,True,2018,3,False
Measles-Rubella,2018,10,D13,0,0,0,1,281.3,True,2018,3,False
Measles-Rubella,2018,11,D14,3,3,3,1,291.2,True,2018,3,False
Measles-Rubella,2018,12,D15,7,7,7,1,301.2,True,2018,3,False
Measles-Rubella,2018,13,D16,7,7,7,1,311.1,True,2018,3,False
Measles-Rubella,2018,14,D17,3,3,3,1,321.1,True,2018,4,False
Measles-Rubella,2018,15,D18,6,6,6,1,331.0,True,2018,4,False
Measles-Rubella,2018,16,D19,6,6,6,1,341.0,True,2018,4,False
Measles-Rubella,2018,17,D20,6,6,6,1,351.0,True,2018,4,False
Measles-Rubella,2018,18,D21,3,3,3,1,360.9,True,2018,5,False
Measles-Rubella,2018,19,D22,3,3,3,1,370.9,True,2018,5,False
Measles-Rubella,2018,20,D23,4,4,4,1,380.8,True,2018,5,False
Measles-Rubella,2018,21,D24,7,7,7,1,390.8,True,2018,5,False
Measles-Rubella,2018,22,D25,4,4,4,1,400.7,True,2018,5,False
Measles-Rubella,2018,23,D26,3,3,3,1,410.7,True,2018,6,False
Measles-Rubella,2018,24,D27,10,10,10,1,420.7,True,2018,6,False
Measles-Rubella,2018,25,D28,2,2,2,1,430.6,True,2018,6,False
Measles-Rubella,2018,26,D29,6,6,6,1,440.6,True,2018,6,False
Measles-Rubella,2018,27,D30,2,2,2,1,450.5,True,2018,7,False
Measles-Rubella,2018,28,D31,3,3,3,1,460.5,True,2018,7,False
Measles-Rubella,2018,29,D32,4,4,4,1,470.4,True,2018,7,False
Measles-Rubella,2018,30,D33,7,7,7,1,480.4,True,2018,7,False
Measles-Rubella,2018,31,D34,6,6,6,1,490.4,True,2018,8,False
Measles-Rubella,2018,32,D35,7,7,7,1,500.3,True,2018,8,False
Measles-Rubella,2018,33,D36,6,6,6,1,510.3,True,2018,8,False
Measles-Rubella,2018,34,D37,3,3,3,1,520.2,True,2018,8,False
Measles-Rubella,2018,35,D38,10,10,10,1,530.2,True,2018,8,False
Measles-Rubella,2018,36,D39,2,2,2,1,540.1,True,2018,9,False
Measles-Rubella,2018,37,D40,8,8,8,1,550.1,True,2018,9,False
Measles-Rubella,2018,38,D41,5,5,5,1,560.1,True,2018,9,False
Measles-Rubella,2018,39,D42,15,15,15,1,570.0,True,2018,9,False
Measles-Rubella,2018,40,D43,8,8,8,1,580.0,True,2018,10,False
Measles-Rubella,2018,41,D44,10,10,10,1,589.9,True,2018,10,False
Measles-Rubella,2018,42,D45,26,26,26,1,599.9,True,2018,10,False
Measles-Rubella,2018,43,D46,5,5,5,1,609.8,True,2018,10,False
Measles-Rubella,2018,44,D47,15,15,15,1,619.8,True,2018,11,False
Measles-Rubella,2018,45,D48,27,27,27,1,629.8,True,2018,11,False
Measles-Rubella,2018,46,D49,44,44,44,1,639.7,True,2018,11,False
Measles-Rubella,2018,47,D50,52,52,52,1,649.7,True,2018,11,False
Measles-Rubella,2018,48,D51,57,57,57,1,659.6,True,2018,11,False
Measles-Rubella,2018,49,D52,55,55,55,1,669.6,True,2018,12,False
Measles-Rubella,2018,50,D53,54,54,54,1,679.5,True,2018,12,False
Measles-Rubella,2018,51,D54,67,67,67,1,689.5,True,2018,12,False
Measles-Rubella,2018,52,D55,48,48,48,1,699.4,True,2018,12,False
Measles-Rubella,2018,53,D56,0,0,0,1,709.4,True,2018,12,True
Measles-Rubella,2019,1,E4,26,26,26,1,191.6,True,2019,1,False
Measles-Rubella,2019,2,E5,74,74,74,1,201.6,True,2019,1,False
Measles-Rubella,2019,3,E6,91,91,91,1,211.6,True,2019,1,False
Measles-Rubella,2019,4,E7,90,90,90,1,221.5,True,2019,1,False
Measles-Rubella,2019,5,E8,112,112,112,1,231.5,True,2019,1,False
Measles-Rubella,2019,6,E9,126,126,126,1,241.4,True,2019,2,False
Measles-Rubella,2019,7,E10,163,163,163,1,251.4,True,2019,2,False
Measles-Rubella,2019,8,E11,150,150,150,1,261.3,True,2019,2,False
Measles-Rubella,2019,9,E12,142,142,142,1,271.3,True,2019,2,False
Measles-Rubella,2019,10,E13,129,129,129,1,281.3,True,2019,3,False
Measles-Rubella,2019,11,E14,102,102,102,1,291.2,True,2019,3,False
Measles-Rubella,2019,12,E15,61,61,61,1,301.2,True,2019,3,False
Measles-Rubella,2019,13,E16,35,35,35,1,311.1,True,2019,3,False
Measles-Rubella,2019,14,E17,41,41,41,1,321.1,True,2019,4,False
Measles-Rubella,2019,15,E18,28,28,28,1,331.0,True,2019,4,False
Measles-Rubella,2019,16,E19,20,20,20,1,341.0,True,2019,4,False
Measles-Rubella,2019,17,E20,16,16,16,1,351.0,True,2019,4,False
Measles-Rubella,2019,18,E21,12,12,12,1,360.9,True,2019,5,False
Measles-Rubella,2019,19,E22,0,0,0,1,370.9,True,2019,5,False
Measles-Rubella,2019,20,E23,9,9,9,1,380.8,True,2019,5,False
Measles-Rubella,2019,21,E24,1,1,1,1,390.8,True,2019,5,False
Measles-Rubella,2019,22,E25,8,8,8,1,400.7,True,2019,5,False
Measles-Rubella,2019,23,E26,7,7,7,1,410.7,True,2019,6,False
Measles-Rubella,2019,24,E27,6,6,6,1,420.7,True,2019,6,False
Measles-Rubella,2019,25,E28,2,2,2,1,430.6,True,2019,6,False
Measles-Rubella,2019,26,E29,5,5,5,1,440.6,True,2019,6,False
Measles-Rubella,2019,27,E30,6,6,6,1,450.5,True,2019,7,False
Measles-Rubella,2019,28,E31,6,6,6,1,460.5,True,2019,7,False
Measles-Rubella,2019,29,E32,4,4,4,1,470.4,True,2019,7,False
Measles-Rubella,2019,30,E33,5,5,5,1,480.4,True,2019,7,False
Measles-Rubella,2019,31,E34,2,2,2,1,490.4,True,2019,8,False
Measles-Rubella,2019,32,E35,4,4,4,1,500.3,True,2019,8,False
Measles-Rubella,2019,33,E36,3,3,3,1,510.3,True,2019,8,False
Measles-Rubella,2019,34,E37,4,4,4,1,520.2,True,2019,8,False
Measles-Rubella,2019,35,E38,2,2,2,1,530.2,True,2019,8,False
Measles-Rubella,2019,36,E39,3,3,3,1,540.1,True,2019,9,False
Measles-Rubella,2019,37,E40,2,2,2,1,550.1,True,2019,9,False
Measles-Rubella,2019,38,E41,4,4,4,1,560.1,True,2019,9,False
Measles-Rubella,2019,39,E42,1,1,1,1,570.0,True,2019,9,False
Measles-Rubella,2019,40,E43,4,4,4,1,580.0,True,2019,10,False
Measles-Rubella,2019,41,E44,0,0,0,1,589.9,True,2019,10,False
Measles-Rubella,2019,42,E45,1,1,1,1,599.9,True,2019,10,False
Measles-Rubella,2019,43,E46,0,0,0,1,609.8,True,2019,10,False
Measles-Rubella,2019,44,E47,0,0,0,1,619.8,True,2019,10,False
Measles-Rubella,2019,45,E48,1,1,1,1,629.8,True,2019,11,False
Measles-Rubella,2019,46,E49,4,4,4,1,639.7,True,2019,11,False
Measles-Rubella,2019,47,E50,0,0,0,1,649.7,True,2019,11,False
Measles-Rubella,2019,48,E51,1,1,1,1,659.6,True,2019,11,False
Measles-Rubella,2019,49,E52,2,2,2,1,669.6,True,2019,12,False
Measles-Rubella,2019,50,E53,2,2,2,1,679.5,True,2019,12,False
Measles-Rubella,2019,51,E54,1,1,1,1,689.5,True,2019,12,False
Measles-Rubella,2019,52,E55,1,1,1,1,699.4,True,2019,12,False
Measles-Rubella,2019,53,E56,0,0,0,1,709.4,True,2019,12,True
Measles-Rubella,2020,1,F4,8,8,8,1,191.6,True,2020,1,False
Measles-Rubella,2020,2,F5,1,1,1,1,201.6,True,2020,1,False
Measles-Rubella,2020,3,F6,4,4,4,1,211.6,True,2020,1,False
Measles-Rubella,2020,4,F7,0,0,0,1,221.5,True,2020,1,False
Measles-Rubella,2020,5,F8,2,2,2,1,231.5,True,2020,1,False
Measles-Rubella,2020,6,F9,1,1,1,1,241.4,True,2020,2,False
Measles-Rubella,2020,7,F10,3,3,3,1,251.4,True,2020,2,False
Measles-Rubella,2020,8,F11,2,2,2,1,261.3,True,2020,2,False
Measles-Rubella,2020,9,F12,0,0,0,1,271.3,True,2020,2,False
Measles-Rubella,2020,10,F13,4,4,4,1,281.3,True,2020,3,False
Measles-Rubella,2020,11,F14,0,0,0,1,291.2,True,2020,3,False
Measles-Rubella,2020,12,F15,0,0,0,1,301.2,True,2020,3,False
Measles-Rubella,2020,13,F16,1,1,1,1,311.1,True,2020,3,False
Measles-Rubella,2020,14,F17,0,0,0,1,321.1,True,2020,4,False
Measles-Rubella,2020,15,F18,0,0,0,1,331.0,True,2020,4,False
Measles-Rubella,2020,16,F19,0,0,0,1,341.0,True,2020,4,False
Measles-Rubella,2020,17,F20,0,0,0,1,351.0,True,2020,4,False
Measles-Rubella,2020,18,F21,1,1,1,1,360.9,True,2020,4,False
Measles-Rubella,2020,19,F22,0,0,0,1,370.9,True,2020,5,False
Measles-Rubella,2020,20,F23,0,0,0,1,380.8,True,2020,5,False
Measles-Rubella,2020,21,F24,0,0,0,1,390.8,True,2020,5,False
Measles-Rubella,2020,22,F25,0,0,0,1,400.7,True,2020,5,False
Measles-Rubella,2020,23,F26,0,0,0,1,410.7,True,2020,6,False
Measles-Rubella,2020,24,F27,0,0,0,1,420.7,True,2020,6,False
Measles-Rubella,2020,25,F28,0,0,0,1,430.6,True,2020,6,False
Measles-Rubella,2020,26,F29,0,0,0,1,440.6,True,2020,6,False
Measles-Rubella,2020,27,F30,0,0,0,1,450.5,True,2020,7,False
Measles-Rubella,2020,28,F31,0,0,0,1,460.5,True,2020,7,False
Measles-Rubella,2020,29,F32,0,0,0,1,470.4,True,2020,7,False
Measles-Rubella,2020,30,F33,0,0,0,1,480.4,True,2020,7,False
Measles-Rubella,2020,31,F34,0,0,0,1,490.4,True,2020,7,False
Measles-Rubella,2020,32,F35,0,0,0,1,500.3,True,2020,8,False
Measles-Rubella,2020,33,F36,0,0,0,1,510.3,True,2020,8,False
Measles-Rubella,2020,34,F37,0,0,0,1,520.2,True,2020,8,False
Measles-Rubella,2020,35,F38,0,0,0,1,530.2,True,2020,8,False
Measles-Rubella,2020,36,F39,0,0,0,1,540.1,True,2020,9,False
Measles-Rubella,2020,37,F40,0,0,0,1,550.1,True,2020,9,False
Measles-Rubella,2020,38,F41,0,0,0,1,560.1,True,2020,9,False
Measles-Rubella,2020,39,F42,0,0,0,1,570.0,True,2020,9,False
Measles-Rubella,2020,40,F43,0,0,0,1,580.0,True,2020,10,False
Measles-Rubella,2020,41,F44,0,0,0,1,589.9,True,2020,10,False
Measles-Rubella,2020,42,F45,0,0,0,1,599.9,True,2020,10,False
Measles-Rubella,2020,43,F46,0,0,0,1,609.8,True,2020,10,False
Measles-Rubella,2020,44,F47,0,0,0,1,619.8,True,2020,10,False
Measles-Rubella,2020,45,F48,0,0,0,1,629.8,True,2020,11,False
Measles-Rubella,2020,46,F49,0,0,0,1,639.7,True,2020,11,False
Measles-Rubella,2020,47,F50,0,0,0,1,649.7,True,2020,11,False
Measles-Rubella,2020,48,F51,0,0,0,1,659.6,True,2020,11,False
Measles-Rubella,2020,49,F52,0,0,0,1,669.6,True,2020,12,False
Measles-Rubella,2020,50,F53,0,0,0,1,679.5,True,2020,12,False
Measles-Rubella,2020,51,F54,0,0,0,1,689.5,True,2020,12,False
Measles-Rubella,2020,52,F55,0,0,0,1,699.4,True,2020,12,False
Measles-Rubella,2020,53,F56,0,0,0,1,709.4,True,2020,12,False
Measles-Rubella,2021,1,G4,0,0,0,1,191.6,True,2021,1,False
Measles-Rubella,2021,2,G5,1,1,1,1,201.6,True,2021,1,False
Measles-Rubella,2021,3,G6,0,0,0,1,211.6,True,2021,1,False
Measles-Rubella,2021,4,G7,0,0,0,1,221.5,True,2021,1,False
Measles-Rubella,2021,5,G8,0,0,0,1,231.5,True,2021,2,False
Measles-Rubella,2021,6,G9,0,0,0,1,241.4,True,2021,2,False
Measles-Rubella,2021,7,G10,2,2,2,1,251.4,True,2021,2,False
Measles-Rubella,2021,8,G11,0,0,0,1,261.3,True,2021,2,False
Measles-Rubella,2021,9,G12,0,0,0,1,271.3,True,2021,3,False
Measles-Rubella,2021,10,G13,0,0,0,1,281.3,True,2021,3,False
Measles-Rubella,2021,11,G14,0,0,0,1,291.2,True,2021,3,False
Measles-Rubella,2021,12,G15,0,0,0,1,301.2,True,2021,3,False
Measles-Rubella,2021,13,G16,0,0,0,1,311.1,True,2021,4,False
Measles-Rubella,2021,14,G17,0,0,0,1,321.1,True,2021,4,False
Measles-Rubella,2021,15,G18,0,0,0,1,331.0,True,2021,4,False
Measles-Rubella,2021,16,G19,0,0,0,1,341.0,True,2021,4,False
Measles-Rubella,2021,17,G20,0,0,0,1,351.0,True,2021,4,False
Measles-Rubella,2021,18,G21,0,0,0,1,360.9,True,2021,5,False
Measles-Rubella,2021,19,G22,0,0,0,1,370.9,True,2021,5,False
Measles-Rubella,2021,20,G23,0,0,0,1,380.8,True,2021,5,False
Measles-Rubella,2021,21,G24,0,0,0,1,390.8,True,2021,5,False
Measles-Rubella,2021,22,G25,0,0,0,1,400.7,True,2021,6,False
Measles-Rubella,2021,23,G26,0,0,0,1,410.7,True,2021,6,False
Measles-Rubella,2021,24,G27,0,0,0,1,420.7,True,2021,6,False
Measles-Rubella,2021,25,G28,0,0,0,1,430.6,True,2021,6,False
Measles-Rubella,2021,26,G29,0,0,0,1,440.6,True,2021,7,False
Measles-Rubella,2021,27,G30,0,0,0,1,450.5,True,2021,7,False
Measles-Rubella,2021,28,G31,0,0,0,1,460.5,True,2021,7,False
Measles-Rubella,2021,29,G32,0,0,0,1,470.4,True,2021,7,False
Measles-Rubella,2021,30,G33,0,0,0,1,480.4,True,2021,7,False
Measles-Rubella,2021,31,G34,1,1,1,1,490.4,True,2021,8,False
Measles-Rubella,2021,32,G35,0,0,0,1,500.3,True,2021,8,False
Measles-Rubella,2021,33,G36,0,0,0,1,510.3,True,2021,8,False
Measles-Rubella,2021,34,G37,0,0,0,1,520.2,True,2021,8,False
Measles-Rubella,2021,35,G38,0,0,0,1,530.2,True,2021,9,False
Measles-Rubella,2021,36,G39,1,1,1,1,540.1,True,2021,9,False
Measles-Rubella,2021,37,G40,0,0,0,1,550.1,True,2021,9,False
Measles-Rubella,2021,38,G41,0,0,0,1,560.1,True,2021,9,False
Measles-Rubella,2021,39,G42,0,0,0,1,570.0,True,2021,9,False
Measles-Rubella,2021,40,G43,0,0,0,1,580.0,True,2021,10,False
Measles-Rubella,2021,41,G44,0,0,0,1,589.9,True,2021,10,False
Measles-Rubella,2021,42,G45,0,0,0,1,599.9,True,2021,10,False
Measles-Rubella,2021,43,G46,0,0,0,1,609.8,True,2021,10,False
Measles-Rubella,2021,44,G47,0,0,0,1,619.8,True,2021,11,False
Measles-Rubella,2021,45,G48,1,1,1,1,629.8,True,2021,11,False
Measles-Rubella,2021,46,G49,0,0,0,1,639.7,True,2021,11,False
Measles-Rubella,2021,47,G50,0,0,0,1,649.7,True,2021,11,False
Measles-Rubella,2021,48,G51,2,2,2,1,659.6,True,2021,12,False
Measles-Rubella,2021,49,G52,0,0,0,1,669.6,True,2021,12,False
Measles-Rubella,2021,50,G53,0,0,0,1,679.5,True,2021,12,False
Measles-Rubella,2021,51,G54,0,0,0,1,689.5,True,2021,12,False
Measles-Rubella,2021,52,G55,0,0,0,1,699.4,True,2021,12,False
Measles-Rubella,2021,53,G56,0,0,0,1,709.4,True,2021,12,True
Measles-Rubella,2022,1,H4,1,1,1,1,191.6,True,2022,1,False
Measles-Rubella,2022,2,H5,0,0,0,1,201.6,True,2022,1,False
Measles-Rubella,2022,3,H6,0,0,0,1,211.6,True,2022,1,False
Measles-Rubella,2022,4,H7,0,0,0,1,221.5,True,2022,1,False
Measles-Rubella,2022,5,H8,0,0,0,1,231.5,True,2022,2,False
Measles-Rubella,2022,6,H9,0,0,0,1,241.4,True,2022,2,False
Measles-Rubella,2022,7,H10,0,0,0,1,251.4,True,2022,2,False
Measles-Rubella,2022,8,H11,2,2,2,1,261.3,True,2022,2,False
Measles-Rubella,2022,9,H12,0,0,0,1,271.3,True,2022,3,False
Measles-Rubella,2022,10,H13,1,1,1,1,281.3,True,2022,3,False
Measles-Rubella,2022,11,H14,2,2,2,1,291.2,True,2022,3,False
Measles-Rubella,2022,12,H15,1,1,1,1,301.2,True,2022,3,False
Measles-Rubella,2022,13,H16,1,1,1,1,311.1,True,2022,3,False
Measles-Rubella,2022,14,H17,0,0,0,1,321.1,True,2022,4,False
Measles-Rubella,2022,15,H18,0,0,0,1,331.0,True,2022,4,False
Measles-Rubella,2022,16,H19,0,0,0,1,341.0,True,2022,4,False
Measles-Rubella,2022,17,H20,0,0,0,1,351.0,True,2022,4,False
Measles-Rubella,2022,18,H21,1,1,1,1,360.9,True,2022,5,False
Measles-Rubella,2022,19,H22,0,0,0,1,370.9,True,2022,5,False
Measles-Rubella,2022,20,H23,0,0,0,1,380.8,True,2022,5,False
Measles-Rubella,2022,21,H24,0,0,0,1,390.8,True,2022,5,False
Measles-Rubella,2022,22,H25,0,0,0,1,400.7,True,2022,6,False
Measles-Rubella,2022,23,H26,1,1,1,1,410.7,True,2022,6,False
Measles-Rubella,2022,24,H27,0,0,0,1,420.7,True,2022,6,False
Measles-Rubella,2022,25,H28,1,1,1,1,430.6,True,2022,6,False
Measles-Rubella,2022,26,H29,0,0,0,1,440.6,True,2022,6,False
Measles-Rubella,2022,27,H30,0,0,0,1,450.5,True,2022,7,False
Measles-Rubella,2022,28,H31,1,1,1,1,460.5,True,2022,7,False
Measles-Rubella,2022,29,H32,1,1,1,1,470.4,True,2022,7,False
Measles-Rubella,2022,30,H33,1,1,1,1,480.4,True,2022,7,False
Measles-Rubella,2022,31,H34,2,2,2,1,490.4,True,2022,8,False
Measles-Rubella,2022,32,H35,1,1,1,1,500.3,True,2022,8,False
Measles-Rubella,2022,33,H36,0,0,0,1,510.3,True,2022,8,False
Measles-Rubella,2022,34,H37,2,2,2,1,520.2,True,2022,8,False
Measles-Rubella,2022,35,H38,0,0,0,1,530.2,True,2022,9,False
Measles-Rubella,2022,36,H39,1,1,1,1,540.1,True,2022,9,False
Measles-Rubella,2022,37,H40,0,0,0,1,550.1,True,2022,9,False
Measles-Rubella,2022,38,H41,0,0,0,1,560.1,True,2022,9,False
Measles-Rubella,2022,39,H42,0,0,0,1,570.0,True,2022,9,False
Measles-Rubella,2022,40,H43,1,1,1,1,580.0,True,2022,10,False
Measles-Rubella,2022,41,H44,0,0,0,1,589.9,True,2022,10,False
Measles-Rubella,2022,42,H45,1,1,1,1,599.9,True,2022,10,False
Measles-Rubella,2022,43,H46,0,0,0,1,609.8,True,2022,10,False
Measles-Rubella,2022,44,H47,0,0,0,1,619.8,True,2022,11,False
Measles-Rubella,2022,45,H48,0,0,0,1,629.8,True,2022,11,False
Measles-Rubella,2022,46,H49,1,1,1,1,639.7,True,2022,11,False
Measles-Rubella,2022,47,H50,2,2,2,1,649.7,True,2022,11,False
Measles-Rubella,2022,48,H51,0,0,0,1,659.6,True,2022,12,False
Measles-Rubella,2022,49,H52,1,1,1,1,669.6,True,2022,12,False
Measles-Rubella,2022,50,H53,0,0,0,1,679.5,True,2022,12,False
Measles-Rubella,2022,51,H54,0,0,0,1,689.5,True,2022,12,False
Measles-Rubella,2022,52,H55,0,0,0,1,699.4,True,2022,12,False
Measles-Rubella,2022,53,H56,0,0,0,1,709.4,True,2022,12,True
Measles-Rubella,2023,1,I4,0,0,0,1,191.6,True,2023,1,False
Measles-Rubella,2023,2,I5,0,0,0,1,201.6,True,2023,1,False
Measles-Rubella,2023,3,I6,1,1,1,1,211.6,True,2023,1,False
Measles-Rubella,2023,4,I7,0,0,0,1,221.5,True,2023,1,False
Measles-Rubella,2023,5,I8,0,0,0,1,231.5,True,2023,2,False
Measles-Rubella,2023,6,I9,1,1,1,1,241.4,True,2023,2,False
Measles-Rubella,2023,7,I10,1,1,1,1,251.4,True,2023,2,False
Measles-Rubella,2023,8,I11,1,1,1,1,261.3,True,2023,2,False
Measles-Rubella,2023,9,I12,1,1,1,1,271.3,True,2023,3,False
Measles-Rubella,2023,10,I13,0,0,0,1,281.3,True,2023,3,False
Measles-Rubella,2023,11,I14,1,1,1,1,291.2,True,2023,3,False
Measles-Rubella,2023,12,I15,0,0,0,1,301.2,True,2023,3,False
Measles-Rubella,2023,13,I16,3,3,3,1,311.1,True,2023,3,False
Measles-Rubella,2023,14,I17,0,0,0,1,321.1,True,2023,4,False
Measles-Rubella,2023,15,I18,0,0,0,1,331.0,True,2023,4,False
Measles-Rubella,2023,16,I19,0,0,0,1,341.0,True,2023,4,False
Measles-Rubella,2023,17,I20,1,1,1,1,351.0,True,2023,4,False
Measles-Rubella,2023,18,I21,3,3,3,1,360.9,True,2023,5,False
Measles-Rubella,2023,19,I22,3,3,3,1,370.9,True,2023,5,False
Measles-Rubella,2023,20,I23,1,1,1,1,380.8,True,2023,5,False
Measles-Rubella,2023,21,I24,0,0,0,1,390.8,True,2023,5,False
Measles-Rubella,2023,22,I25,0,0,0,1,400.7,True,2023,6,False
Measles-Rubella,2023,23,I26,0,0,0,1,410.7,True,2023,6,False
Measles-Rubella,2023,24,I27,0,0,0,1,420.7,True,2023,6,False
Measles-Rubella,2023,25,I28,3,3,3,1,430.6,True,2023,6,False
Measles-Rubella,2023,26,I29,2,2,2,1,440.6,True,2023,6,False
Measles-Rubella,2023,27,I30,2,2,2,1,450.5,True,2023,7,False
Measles-Rubella,2023,28,I31,3,3,3,1,460.5,True,2023,7,False
Measles-Rubella,2023,29,I32,2,2,2,1,470.4,True,2023,7,False
Measles-Rubella,2023,30,I33,1,1,1,1,480.4,True,2023,7,False
Measles-Rubella,2023,31,I34,1,1,1,1,490.4,True,2023,8,False
Measles-Rubella,2023,32,I35,3,3,3,1,500.3,True,2023,8,False
Measles-Rubella,2023,33,I36,2,2,2,1,510.3,True,2023,8,False
Measles-Rubella,2023,34,I37,2,2,2,1,520.2,True,2023,8,False
Measles-Rubella,2023,35,I38,1,1,1,1,530.2,True,2023,8,False
Measles-Rubella,2023,36,I39,0,0,0,1,540.1,True,2023,9,False
Measles-Rubella,2023,37,I40,0,0,0,1,550.1,True,2023,9,False
Measles-Rubella,2023,38,I41,0,0,0,1,560.1,True,2023,9,False
Measles-Rubella,2023,39,I42,1,1,1,1,570.0,True,2023,9,False
Measles-Rubella,2023,40,I43,2,2,2,1,580.0,True,2023,10,False
Measles-Rubella,2023,41,I44,3,3,3,1,589.9,True,2023,10,False
Measles-Rubella,2023,42,I45,0,0,0,1,599.9,True,2023,10,False
Measles-Rubella,2023,43,I46,1,1,1,1,609.8,True,2023,10,False
Measles-Rubella,2023,44,I47,0,0,0,1,619.8,True,2023,11,False
Measles-Rubella,2023,45,I48,0,0,0,1,629.8,True,2023,11,False
Measles-Rubella,2023,46,I49,0,0,0,1,639.7,True,2023,11,False
Measles-Rubella,2023,47,I50,0,0,0,1,649.7,True,2023,11,False
Measles-Rubella,2023,48,I51,0,0,0,1,659.6,True,2023,11,False
Measles-Rubella,2023,49,I52,1,1,1,1,669.6,True,2023,12,False
Measles-Rubella,2023,50,I53,0,0,0,1,679.5,True,2023,12,False
Measles-Rubella,2023,51,I54,1,1,1,1,689.5,True,2023,12,False
Measles-Rubella,2023,52,I55,1,1,1,1,699.4,True,2023,12,False
Measles-Rubella,2023,53,I56,2,2,2,1,709.4,True,2023,12,True
Measles-Rubella,2024,1,J4,1,1,1,1,191.6,True,2024,1,False
Measles-Rubella,2024,2,J5,2,2,2,1,201.6,True,2024,1,False
Measles-Rubella,2024,3,J6,1,1,1,1,211.6,True,2024,1,False
Measles-Rubella,2024,4,J7,1,1,1,1,221.5,True,2024,1,False
Measles-Rubella,2024,5,J8,0,0,0,1,231.5,True,2024,2,False
Measles-Rubella,2024,6,J9,2,2,2,1,241.4,True,2024,2,False
Measles-Rubella,2024,7,J10,0,0,0,1,251.4,True,2024,2,False
Measles-Rubella,2024,8,J11,0,0,0,1,261.3,True,2024,2,False
Measles-Rubella,2024,9,J12,0,0,0,1,271.3,True,2024,2,False
Measles-Rubella,2024,10,J13,1,1,1,1,281.3,True,2024,3,False
Measles-Rubella,2024,11,J14,4,4,4,1,291.2,True,2024,3,False
Measles-Rubella,2024,12,J15,0,0,0,1,301.2,True,2024,3,False
Measles-Rubella,2024,13,J16,1,1,1,1,311.1,True,2024,3,False
Measles-Rubella,2024,14,J17,1,1,1,1,321.1,True,2024,4,False
Measles-Rubella,2024,15,J18,5,5,5,1,331.0,True,2024,4,False
Measles-Rubella,2024,16,J19,3,3,3,1,341.0,True,2024,4,False
Measles-Rubella,2024,17,J20,2,2,2,1,351.0,True,2024,4,False
Measles-Rubella,2024,18,J21,1,1,1,1,360.9,True,2024,5,False
Measles-Rubella,2024,19,J22,0,0,0,1,370.9,True,2024,5,False
Measles-Rubella,2024,20,J23,0,0,0,1,380.8,True,2024,5,False
Measles-Rubella,2024,21,J24,0,0,0,1,390.8,True,2024,5,False
Measles-Rubella,2024,22,J25,0,0,0,1,400.7,True,2024,5,False
Measles-Rubella,2024,23,J26,1,1,1,1,410.7,True,2024,6,False
Measles-Rubella,2024,24,J27,2,2,2,1,420.7,True,2024,6,False
Measles-Rubella,2024,25,J28,1,1,1,1,430.6,True,2024,6,False
Measles-Rubella,2024,26,J29,1,1,1,1,440.6,True,2024,6,False
Measles-Rubella,2024,27,J30,0,0,0,1,450.5,True,2024,7,False
Measles-Rubella,2024,28,J31,0,0,0,1,460.5,True,2024,7,False
Measles-Rubella,2024,29,J32,3,3,3,1,470.4,True,2024,7,False
Measles-Rubella,2024,30,J33,1,1,1,1,480.4,True,2024,7,False
Measles-Rubella,2024,31,J34,0,0,0,1,490.4,True,2024,8,False
Measles-Rubella,2024,32,J35,1,1,1,1,500.3,True,2024,8,False
Measles-Rubella,2024,33,J36,0,0,0,1,510.3,True,2024,8,False
Measles-Rubella,2024,34,J37,0,0,0,1,520.2,True,2024,8,False
Measles-Rubella,2024,35,J38,3,3,3,1,530.2,True,2024,8,False
Measles-Rubella,2024,36,J39,0,0,0,1,540.1,True,2024,9,False
Measles-Rubella,2024,37,J40,0,0,0,1,550.1,True,2024,9,False
Measles-Rubella,2024,38,J41,2,2,2,1,560.1,True,2024,9,False
Measles-Rubella,2024,39,J42,2,2,2,1,570.0,True,2024,9,False
Measles-Rubella,2024,40,J43,2,2,2,1,580.0,True,2024,10,False
Measles-Rubella,2024,41,J44,1,1,1,1,589.9,True,2024,10,False
Measles-Rubella,2024,42,J45,0,0,0,1,599.9,True,2024,10,False
Measles-Rubella,2024,43,J46,1,1,1,1,609.8,True,2024,10,False
Measles-Rubella,2024,44,J47,0,0,0,1,619.8,True,2024,10,False
Measles-Rubella,2024,45,J48,1,1,1,1,629.8,True,2024,11,False
Measles-Rubella,2024,46,J49,1,1,1,1,639.7,True,2024,11,False
Measles-Rubella,2024,47,J50,0,0,0,1,649.7,True,2024,11,False
Measles-Rubella,2024,48,J51,2,2,2,1,659.6,True,2024,11,False
Measles-Rubella,2024,49,J52,1,1,1,1,669.6,True,2024,12,False
Measles-Rubella,2024,50,J53,2,2,2,1,679.5,True,2024,12,False
Measles-Rubella,2024,51,J54,0,0,0,1,689.5,True,2024,12,False
Measles-Rubella,2024,52,J55,2,2,2,1,699.4,True,2024,12,False
Measles-Rubella,2024,53,J56,0,0,0,1,709.4,True,2024,12,True
Measles-Rubella,2025,1,K4,1,1,1,1,191.6,True,2025,1,False
Measles-Rubella,2025,2,K5,0,0,0,1,201.6,True,2025,1,False
Measles-Rubella,2025,3,K6,3,3,3,1,211.6,True,2025,1,False
Measles-Rubella,2025,4,K7,1,1,1,1,221.5,True,2025,1,False
Measles-Rubella,2025,5,K8,2,2,2,1,231.5,True,2025,1,False
Measles-Rubella,2025,6,K9,1,1,1,1,241.4,True,2025,2,False
Measles-Rubella,2025,7,K10,2,2,2,1,251.4,True,2025,2,False
Measles-Rubella,2025,8,K11,2,2,2,1,261.3,True,2025,2,False
Measles-Rubella,2025,9,K12,3,3,3,1,271.3,True,2025,2,False
Measles-Rubella,2025,10,K13,0,0,0,1,281.3,True,2025,3,False
Measles-Rubella,2025,11,K14,4,4,4,1,291.2,True,2025,3,False
Measles-Rubella,2025,12,K15,4,4,4,1,301.2,True,2025,3,False
Measles-Rubella,2025,13,K16,0,0,0,1,311.1,True,2025,3,False
Measles-Rubella,2025,14,K17,3,3,3,1,321.1,True,2025,4,False
Measles-Rubella,2025,15,K18,3,3,3,1,331.0,True,2025,4,False
Measles-Rubella,2025,16,K19,5,5,5,1,341.0,True,2025,4,False
Measles-Rubella,2025,17,K20,2,2,2,1,351.0,True,2025,4,False
Measles-Rubella,2025,18,K21,2,2,2,1,360.9,True,2025,5,False
Measles-Rubella,2025,19,K22,3,3,3,1,370.9,True,2025,5,False
Measles-Rubella,2025,20,K23,3,3,3,1,380.8,True,2025,5,False
Measles-Rubella,2025,21,K24,1,1,1,1,390.8,True,2025,5,False
Measles-Rubella,2025,22,K25,5,5,5,1,400.7,True,2025,5,False
Measles-Rubella,2025,23,K26,3,3,3,1,410.7,True,2025,6,False
Measles-Rubella,2025,24,K27,0,0,0,1,420.7,True,2025,6,False
Measles-Rubella,2025,25,K28,4,4,4,1,430.6,True,2025,6,False
Measles-Rubella,2025,26,K29,2,2,2,1,440.6,True,2025,6,False
Measles-Rubella,2025,27,K30,4,4,4,1,450.5,True,2025,7,False
Measles-Rubella,2025,28,K31,0,0,0,1,460.5,True,2025,7,False
Measles-Rubella,2025,29,K32,0,0,0,1,470.4,True,2025,7,False
Measles-Rubella,2025,30,K33,2,2,2,1,480.4,True,2025,7,False
Measles-Rubella,2025,31,K34,3,3,3,1,490.4,True,2025,7,False
Measles-Rubella,2025,32,K35,3,3,3,1,500.3,True,2025,8,False
Measles-Rubella,2025,33,K36,5,5,5,1,510.3,True,2025,8,False
Measles-Rubella,2025,34,K37,0,0,0,1,520.2,True,2025,8,False
Measles-Rubella,2025,35,K38,2,2,2,1,530.2,True,2025,8,False
Measles-Rubella,2025,36,K39,1,1,1,1,540.1,True,2025,9,False
Measles-Rubella,2025,37,K40,3,3,3,1,550.1,True,2025,9,False
Measles-Rubella,2025,38,K41,2,2,2,1,560.1,True,2025,9,False
Measles-Rubella,2025,39,K42,1,1,1,1,570.0,True,2025,9,False
Measles-Rubella,2025,40,K43,2,2,2,1,580.0,True,2025,10,False
Measles-Rubella,2025,41,K44,1,1,1,1,589.9,True,2025,10,False
Measles-Rubella,2025,42,K45,0,0,0,1,599.9,True,2025,10,False
Measles-Rubella,2025,43,K46,2,2,2,1,609.8,True,2025,10,False
Measles-Rubella,2025,44,K47,0,0,0,1,619.8,True,2025,10,False
Measles-Rubella,2025,45,K48,1,1,1,1,629.8,True,2025,11,False
Measles-Rubella,2025,46,K49,1,1,1,1,639.7,True,2025,11,False
Measles-Rubella,2025,47,K50,3,3,3,1,649.7,True,2025,11,False
Measles-Rubella,2025,48,K51,3,3,3,1,659.6,True,2025,11,False
Measles-Rubella,2025,49,K52,2,2,2,1,669.6,True,2025,12,False
Measles-Rubella,2025,50,K53,0,0,0,1,679.5,True,2025,12,False
Measles-Rubella,2025,51,K54,3,3,3,1,689.5,True,2025,12,False
Measles-Rubella,2025,52,K55,2,2,2,1,699.4,True,2025,12,False
Measles-Rubella,2025,53,K56,5,5,5,1,709.4,True,2025,12,True
Dengue,2016,1,B4,28,28,28,1,,True,2016,1,False
Dengue,2016,2,B5,32,32,32,1,,True,2016,1,False
Dengue,2016,3,B6,44,44,44,1,,True,2016,1,False
Dengue,2016,4,B7,34,34,34,1,,True,2016,1,False
Dengue,2016,5,B8,28,28,28,1,,True,2016,2,False
Dengue,2016,6,B9,34,34,34,1,,True,2016,2,False
Dengue,2016,7,B10,13,13,13,1,,True,2016,2,False
Dengue,2016,8,B11,19,19,19,1,,True,2016,2,False
Dengue,2016,9,B12,21,21,21,1,,True,2016,3,False
Dengue,2016,10,B13,22,22,22,1,,True,2016,3,False
Dengue,2016,11,B14,21,21,21,1,,True,2016,3,False
Dengue,2016,12,B15,17,17,17,1,,True,2016,3,False
Dengue,2016,13,B16,18,18,18,1,,True,2016,3,False
Dengue,2016,14,B17,10,10,10,1,,True,2016,4,False
Dengue,2016,15,B18,15,15,15,1,,True,2016,4,False
Dengue,2016,16,B19,10,10,10,1,,True,2016,4,False
Dengue,2016,17,B20,11,11,11,1,,True,2016,4,False
Dengue,2016,18,B21,7,7,7,1,,True,2016,5,False
Dengue,2016,19,B22,10,10,10,1,,True,2016,5,False
Dengue,2016,20,B23,11,11,11,1,,True,2016,5,False
Dengue,2016,21,B24,11,11,11,1,,True,2016,5,False
Dengue,2016,22,B25,16,16,16,1,,True,2016,6,False
Dengue,2016,23,B26,11,11,11,1,,True,2016,6,False
Dengue,2016,24,B27,13,13,13,1,,True,2016,6,False
Dengue,2016,25,B28,21,21,21,1,,True,2016,6,False
Dengue,2016,26,B29,13,13,13,1,,True,2016,6,False
Dengue,2016,27,B30,18,18,18,1,,True,2016,7,False
Dengue,2016,28,B31,26,26,26,1,,True,2016,7,False
Dengue,2016,29,B32,23,23,23,1,,True,2016,7,False
Dengue,2016,30,B33,37,37,37,1,,True,2016,7,False
Dengue,2016,31,B34,66,66,66,2,168.3,True,2016,8,False
Dengue,2016,32,B35,34,34,34,2,182.7,True,2016,8,False
Dengue,2016,33,B36,52,52,52,2,197.1,True,2016,8,False
Dengue,2016,34,B37,42,42,42,2,211.5,True,2016,8,False
Dengue,2016,35,B38,56,56,56,2,225.9,True,2016,9,False
Dengue,2016,36,B39,36,36,36,2,240.3,True,2016,9,False
Dengue,2016,37,B40,32,32,32,2,254.7,True,2016,9,False
Dengue,2016,38,B41,21,21,21,2,269.1,True,2016,9,False
Dengue,2016,39,B42,19,19,19,2,283.5,True,2016,9,False
Dengue,2016,40,B43,12,12,12,2,297.9,True,2016,10,False
Dengue,2016,41,B44,10,10,10,2,312.3,True,2016,10,False
Dengue,2016,42,B45,21,21,21,2,326.7,True,2016,10,False
Dengue,2016,43,B46,16,16,16,2,341.1,True,2016,10,False
Dengue,2016,44,B47,14,14,14,2,355.5,True,2016,11,False
Dengue,2016,45,B48,16,16,16,2,369.8,True,2016,11,False
Dengue,2016,46,B49,17,17,17,2,384.2,True,2016,11,False
Dengue,2016,47,B50,19,19,19,2,398.6,True,2016,11,False
Dengue,2016,48,B51,11,11,11,2,413.0,True,2016,12,False
Dengue,2016,49,B52,12,12,12,2,427.4,True,2016,12,False
Dengue,2016,50,B53,15,15,15,2,441.8,True,2016,12,False
Dengue,2016,51,B54,9,9,9,2,456.2,True,2016,12,False
Dengue,2016,52,B55,3,3,3,2,470.6,True,2016,12,False
Dengue,2016,53,B56,,,-,2,485.0,True,,,
Dengue,2017,1,C4,25,25,25,1,,True,2017,1,False
Dengue,2017,2,C5,13,13,13,1,,True,2017,1,False
Dengue,2017,3,C6,16,16,16,1,,True,2017,1,False
Dengue,2017,4,C7,13,13,13,1,,True,2017,1,False
Dengue,2017,5,C8,14,14,14,1,,True,2017,2,False
Dengue,2017,6,C9,11,11,11,1,,True,2017,2,False
Dengue,2017,7,C10,25,25,25,1,,True,2017,2,False
Dengue,2017,8,C11,22,22,22,1,,True,2017,2,False
Dengue,2017,9,C12,13,13,13,1,,True,2017,3,False
Dengue,2017,10,C13,10,10,10,1,,True,2017,3,False
Dengue,2017,11,C14,12,12,12,1,,True,2017,3,False
Dengue,2017,12,C15,12,12,12,1,,True,2017,3,False
Dengue,2017,13,C16,5,5,5,1,,True,2017,3,False
Dengue,2017,14,C17,10,10,10,1,,True,2017,4,False
Dengue,2017,15,C18,6,6,6,1,,True,2017,4,False
Dengue,2017,16,C19,7,7,7,1,,True,2017,4,False
Dengue,2017,17,C20,2,2,2,1,,True,2017,4,False
Dengue,2017,18,C21,3,3,3,1,,True,2017,5,False
Dengue,2017,19,C22,5,5,5,1,,True,2017,5,False
Dengue,2017,20,C23,2,2,2,1,,True,2017,5,False
Dengue,2017,21,C24,4,4,4,1,,True,2017,5,False
Dengue,2017,22,C25,4,4,4,1,,True,2017,6,False
Dengue,2017,23,C26,7,7,7,1,,True,2017,6,False
Dengue,2017,24,C27,19,19,19,1,,True,2017,6,False
Dengue,2017,25,C28,12,12,12,1,,True,2017,6,False
Dengue,2017,26,C29,13,13,13,1,,True,2017,6,False
Dengue,2017,27,C30,13,13,13,1,,True,2017,7,False
Dengue,2017,28,C31,23,23,23,1,,True,2017,7,False
Dengue,2017,29,C32,49,49,49,1,,True,2017,7,False
Dengue,2017,30,C33,28,28,28,1,,True,2017,7,False
Dengue,2017,31,C34,49,49,49,2,168.3,True,2017,8,False
Dengue,2017,32,C35,56,56,56,2,182.7,True,2017,8,False
Dengue,2017,33,C36,45,45,45,2,197.1,True,2017,8,False
Dengue,2017,34,C37,53,53,53,2,211.5,True,2017,8,False
Dengue,2017,35,C38,48,48,48,2,225.9,True,2017,8,False
Dengue,2017,36,C39,40,40,40,2,240.3,True,2017,9,False
Dengue,2017,37,C40,42,42,42,2,254.7,True,2017,9,False
Dengue,2017,38,C41,33,33,33,2,269.1,True,2017,9,False
Dengue,2017,39,C42,19,19,19,2,283.5,True,2017,9,False
Dengue,2017,40,C43,23,23,23,2,297.9,True,2017,10,False
Dengue,2017,41,C44,19,19,19,2,312.3,True,2017,10,False
Dengue,2017,42,C45,24,24,24,2,326.7,True,2017,10,False
Dengue,2017,43,C46,20,20,20,2,341.1,True,2017,10,False
Dengue,2017,44,C47,20,20,20,2,355.5,True,2017,11,False
Dengue,2017,45,C48,22,22,22,2,369.8,True,2017,11,False
Dengue,2017,46,C49,30,30,30,2,384.2,True,2017,11,False
Dengue,2017,47,C50,22,22,22,2,398.6,True,2017,11,False
Dengue,2017,48,C51,15,15,15,2,413.0,True,2017,11,False
Dengue,2017,49,C52,15,15,15,2,427.4,True,2017,12,False
Dengue,2017,50,C53,6,6,6,2,441.8,True,2017,12,False
Dengue,2017,51,C54,3,3,3,2,456.2,True,2017,12,False
Dengue,2017,52,C55,2,2,2,2,470.6,True,2017,12,False
Dengue,2017,53,C56,,,-,2,485.0,True,,,
Dengue,2018,1,D4,26,26,26,1,,True,2018,1,False
Dengue,2018,2,D5,42,42,42,1,,True,2018,1,False
Dengue,2018,3,D6,33,33,33,1,,True,2018,1,False
Dengue,2018,4,D7,24,24,24,1,,True,2018,1,False
Dengue,2018,5,D8,32,32,32,1,,True,2018,2,False
Dengue,2018,6,D9,28,28,28,1,,True,2018,2,False
Dengue,2018,7,D10,26,26,26,1,,True,2018,2,False
Dengue,2018,8,D11,34,34,34,1,,True,2018,2,False
Dengue,2018,9,D12,35,35,35,1,,True,2018,3,False
Dengue,2018,10,D13,34,34,34,1,,True,2018,3,False
Dengue,2018,11,D14,18,18,18,1,,True,2018,3,False
Dengue,2018,12,D15,13,13,13,1,,True,2018,3,False
Dengue,2018,13,D16,12,12,12,1,,True,2018,3,False
Dengue,2018,14,D17,14,14,14,1,,True,2018,4,False
Dengue,2018,15,D18,11,11,11,1,,True,2018,4,False
Dengue,2018,16,D19,11,11,11,1,,True,2018,4,False
Dengue,2018,17,D20,17,17,17,1,,True,2018,4,False
Dengue,2018,18,D21,10,10,10,1,,True,2018,5,False
Dengue,2018,19,D22,12,12,12,1,,True,2018,5,False
Dengue,2018,20,D23,22,22,22,1,,True,2018,5,False
Dengue,2018,21,D24,16,16,16,1,,True,2018,5,False
Dengue,2018,22,D25,20,20,20,1,,True,2018,5,False
Dengue,2018,23,D26,27,27,27,1,,True,2018,6,False
Dengue,2018,24,D27,28,28,28,1,,True,2018,6,False
Dengue,2018,25,D28,52,52,52,1,,True,2018,6,False
Dengue,2018,26,D29,78,78,78,1,,True,2018,6,False
Dengue,2018,27,D30,76,76,76,1,,True,2018,7,False
Dengue,2018,28,D31,98,98,98,1,,True,2018,7,False
Dengue,2018,29,D32,116,116,116,1,,True,2018,7,False
Dengue,2018,30,D33,132,132,132,1,,True,2018,7,False
Dengue,2018,31,D34,125,125,125,2,168.3,True,2018,8,False
Dengue,2018,32,D35,123,123,123,2,182.7,True,2018,8,False
Dengue,2018,33,D36,133,133,133,2,197.1,True,2018,8,False
Dengue,2018,34,D37,131,131,131,2,211.5,True,2018,8,False
Dengue,2018,35,D38,131,131,131,2,225.9,True,2018,8,False
Dengue,2018,36,D39,108,108,108,2,240.3,True,2018,9,False
Dengue,2018,37,D40,95,95,95,2,254.7,True,2018,9,False
Dengue,2018,38,D41,66,66,66,2,269.1,True,2018,9,False
Dengue,2018,39,D42,73,73,73,2,283.5,True,2018,9,False
Dengue,2018,40,D43,70,70,70,2,297.9,True,2018,10,False
Dengue,2018,41,D44,74,74,74,2,312.3,True,2018,10,False
Dengue,2018,42,D45,59,59,59,2,326.7,True,2018,10,False
Dengue,2018,43,D46,45,45,45,2,341.1,True,2018,10,False
Dengue,2018,44,D47,34,34,34,2,355.5,True,2018,11,False
Dengue,2018,45,D48,41,41,41,2,369.8,True,2018,11,False
Dengue,2018,46,D49,33,33,33,2,384.2,True,2018,11,False
Dengue,2018,47,D50,23,23,23,2,398.6,True,2018,11,False
Dengue,2018,48,D51,26,26,26,2,413.0,True,2018,11,False
Dengue,2018,49,D52,24,24,24,2,427.4,True,2018,12,False
Dengue,2018,50,D53,31,31,31,2,441.8,True,2018,12,False
Dengue,2018,51,D54,30,30,30,2,456.2,True,2018,12,False
Dengue,2018,52,D55,21,21,21,2,470.6,True,2018,12,False
Dengue,2018,53,D56,,,-,2,485.0,True,,,
Dengue,2019,1,E4,21,21,21,1,,True,2019,1,False
Dengue,2019,2,E5,27,27,27,1,,True,2019,1,False
Dengue,2019,3,E6,39,39,39,1,,True,2019,1,False
Dengue,2019,4,E7,37,37,37,1,,True,2019,1,False
Dengue,2019,5,E8,20,20,20,1,,True,2019,1,False
Dengue,2019,6,E9,30,30,30,1,,True,2019,2,False
Dengue,2019,7,E10,16,16,16,1,,True,2019,2,False
Dengue,2019,8,E11,23,23,23,1,,True,2019,2,False
Dengue,2019,9,E12,19,19,19,1,,True,2019,2,False
Dengue,2019,10,E13,17,17,17,1,,True,2019,3,False
Dengue,2019,11,E14,9,9,9,1,,True,2019,3,False
Dengue,2019,12,E15,10,10,10,1,,True,2019,3,False
Dengue,2019,13,E16,10,10,10,1,,True,2019,3,False
Dengue,2019,14,E17,11,11,11,1,,True,2019,4,False
Dengue,2019,15,E18,5,5,5,1,,True,2019,4,False
Dengue,2019,16,E19,12,12,12,1,,True,2019,4,False
Dengue,2019,17,E20,10,10,10,1,,True,2019,4,False
Dengue,2019,18,E21,9,9,9,1,,True,2019,5,False
Dengue,2019,19,E22,12,12,12,1,,True,2019,5,False
Dengue,2019,20,E23,7,7,7,1,,True,2019,5,False
Dengue,2019,21,E24,10,10,10,1,,True,2019,5,False
Dengue,2019,22,E25,16,16,16,1,,True,2019,5,False
Dengue,2019,23,E26,8,8,8,1,,True,2019,6,False
Dengue,2019,24,E27,13,13,13,1,,True,2019,6,False
Dengue,2019,25,E28,27,27,27,1,,True,2019,6,False
Dengue,2019,26,E29,21,21,21,1,,True,2019,6,False
Dengue,2019,27,E30,22,22,22,1,,True,2019,7,False
Dengue,2019,28,E31,48,48,48,1,,True,2019,7,False
Dengue,2019,29,E32,66,66,66,1,,True,2019,7,False
Dengue,2019,30,E33,103,103,103,1,,True,2019,7,False
Dengue,2019,31,E34,84,84,84,2,168.3,True,2019,8,False
Dengue,2019,32,E35,95,95,95,2,182.7,True,2019,8,False
Dengue,2019,33,E36,122,122,122,2,197.1,True,2019,8,False
Dengue,2019,34,E37,191,191,191,2,211.5,True,2019,8,False
Dengue,2019,35,E38,113,113,113,2,225.9,True,2019,8,False
Dengue,2019,36,E39,125,125,125,2,240.3,True,2019,9,False
Dengue,2019,37,E40,93,93,93,2,254.7,True,2019,9,False
Dengue,2019,38,E41,97,97,97,2,269.1,True,2019,9,False
Dengue,2019,39,E42,87,87,87,2,283.5,True,2019,9,False
Dengue,2019,40,E43,63,63,63,2,297.9,True,2019,10,False
Dengue,2019,41,E44,74,74,74,2,312.3,True,2019,10,False
Dengue,2019,42,E45,69,69,69,2,326.7,True,2019,10,False
Dengue,2019,43,E46,55,55,55,2,341.1,True,2019,10,False
Dengue,2019,44,E47,53,53,53,2,355.5,True,2019,10,False
Dengue,2019,45,E48,43,43,43,2,369.8,True,2019,11,False
Dengue,2019,46,E49,40,40,40,2,384.2,True,2019,11,False
Dengue,2019,47,E50,49,49,49,2,398.6,True,2019,11,False
Dengue,2019,48,E51,52,52,52,2,413.0,True,2019,11,False
Dengue,2019,49,E52,25,25,25,2,427.4,True,2019,12,False
Dengue,2019,50,E53,38,38,38,2,441.8,True,2019,12,False
Dengue,2019,51,E54,42,42,42,2,456.2,True,2019,12,False
Dengue,2019,52,E55,24,24,24,2,470.6,True,2019,12,False
Dengue,2019,53,E56,,,-,2,485.0,True,,,
Dengue,2020,1,F4,24,24,24,1,,True,2020,1,False
Dengue,2020,2,F5,60,60,60,1,,True,2020,1,False
Dengue,2020,3,F6,27,27,27,1,,True,2020,1,False
Dengue,2020,4,F7,24,24,24,1,,True,2020,1,False
Dengue,2020,5,F8,38,38,38,1,,True,2020,1,False
Dengue,2020,6,F9,28,28,28,1,,True,2020,2,False
Dengue,2020,7,F10,20,20,20,1,,True,2020,2,False
Dengue,2020,8,F11,22,22,22,1,,True,2020,2,False
Dengue,2020,9,F12,19,19,19,1,,True,2020,2,False
Dengue,2020,10,F13,25,25,25,1,,True,2020,3,False
Dengue,2020,11,F14,12,12,12,1,,True,2020,3,False
Dengue,2020,12,F15,1,1,1,1,,True,2020,3,False
Dengue,2020,13,F16,2,2,2,1,,True,2020,3,False
Dengue,2020,14,F17,3,3,3,1,,True,2020,4,False
Dengue,2020,15,F18,1,1,1,1,,True,2020,4,False
Dengue,2020,16,F19,5,5,5,1,,True,2020,4,False
Dengue,2020,17,F20,2,2,2,1,,True,2020,4,False
Dengue,2020,18,F21,0,0,0,1,,True,2020,4,False
Dengue,2020,19,F22,0,0,0,1,,True,2020,5,False
Dengue,2020,20,F23,0,0,0,1,,True,2020,5,False
Dengue,2020,21,F24,0,0,0,1,,True,2020,5,False
Dengue,2020,22,F25,0,0,0,1,,True,2020,5,False
Dengue,2020,23,F26,2,2,2,1,,True,2020,6,False
Dengue,2020,24,F27,1,1,1,1,,True,2020,6,False
Dengue,2020,25,F28,0,0,0,1,,True,2020,6,False
Dengue,2020,26,F29,5,5,5,1,,True,2020,6,False
Dengue,2020,27,F30,4,4,4,1,,True,2020,7,False
Dengue,2020,28,F31,5,5,5,1,,True,2020,7,False
Dengue,2020,29,F32,5,5,5,1,,True,2020,7,False
Dengue,2020,30,F33,0,0,0,1,,True,2020,7,False
Dengue,2020,31,F34,0,0,0,2,168.3,True,2020,7,False
Dengue,2020,32,F35,2,2,2,2,182.7,True,2020,8,False
Dengue,2020,33,F36,2,2,2,2,197.1,True,2020,8,False
Dengue,2020,34,F37,2,2,2,2,211.5,True,2020,8,False
Dengue,2020,35,F38,1,1,1,2,225.9,True,2020,8,False
Dengue,2020,36,F39,2,2,2,2,240.3,True,2020,9,False
Dengue,2020,37,F40,7,7,7,2,254.7,True,2020,9,False
Dengue,2020,38,F41,5,5,5,2,269.1,True,2020,9,False
Dengue,2020,39,F42,8,8,8,2,283.5,True,2020,9,False
Dengue,2020,40,F43,7,7,7,2,297.9,True,2020,10,False
Dengue,2020,41,F44,11,11,11,2,312.3,True,2020,10,False
Dengue,2020,42,F45,12,12,12,2,326.7,True,2020,10,False
Dengue,2020,43,F46,5,5,5,2,341.1,True,2020,10,False
Dengue,2020,44,F47,15,15,15,2,355.5,True,2020,10,False
Dengue,2020,45,F48,15,15,15,2,369.8,True,2020,11,False
Dengue,2020,46,F49,7,7,7,2,384.2,True,2020,11,False
Dengue,2020,47,F50,13,13,13,2,398.6,True,2020,11,False
Dengue,2020,48,F51,10,10,10,2,413.0,True,2020,11,False
Dengue,2020,49,F52,14,14,14,2,427.4,True,2020,12,False
Dengue,2020,50,F53,20,20,20,2,441.8,True,2020,12,False
Dengue,2020,51,F54,8,8,8,2,456.2,True,2020,12,False
Dengue,2020,52,F55,2,2,2,2,470.6,True,2020,12,False
Dengue,2020,53,F56,,,-,2,485.0,True,,,
Dengue,2021,1,G4,35,35,35,1,,True,2021,1,False
Dengue,2021,2,G5,21,21,21,1,,True,2021,1,False
Dengue,2021,3,G6,25,25,25,1,,True,2021,1,False
Dengue,2021,4,G7,28,28,28,1,,True,2021,1,False
Dengue,2021,5,G8,37,37,37,1,,True,2021,2,False
Dengue,2021,6,G9,12,12,12,1,,True,2021,2,False
Dengue,2021,7,G10,13,13,13,1,,True,2021,2,False
Dengue,2021,8,G11,10,10,10,1,,True,2021,2,False
Dengue,2021,9,G12,16,16,16,1,,True,2021,3,False
Dengue,2021,10,G13,20,20,20,1,,True,2021,3,False
Dengue,2021,11,G14,24,24,24,1,,True,2021,3,False
Dengue,2021,12,G15,12,12,12,1,,True,2021,3,False
Dengue,2021,13,G16,1,1,1,1,,True,2021,4,False
Dengue,2021,14,G17,8,8,8,1,,True,2021,4,False
Dengue,2021,15,G18,13,13,13,1,,True,2021,4,False
Dengue,2021,16,G19,11,11,11,1,,True,2021,4,False
Dengue,2021,17,G20,11,11,11,1,,True,2021,4,False
Dengue,2021,18,G21,3,3,3,1,,True,2021,5,False
Dengue,2021,19,G22,3,3,3,1,,True,2021,5,False
Dengue,2021,20,G23,4,4,4,1,,True,2021,5,False
Dengue,2021,21,G24,5,5,5,1,,True,2021,5,False
Dengue,2021,22,G25,13,13,13,1,,True,2021,6,False
Dengue,2021,23,G26,5,5,5,1,,True,2021,6,False
Dengue,2021,24,G27,15,15,15,1,,True,2021,6,False
Dengue,2021,25,G28,14,14,14,1,,True,2021,6,False
Dengue,2021,26,G29,6,6,6,1,,True,2021,7,False
Dengue,2021,27,G30,10,10,10,1,,True,2021,7,False
Dengue,2021,28,G31,24,24,24,1,,True,2021,7,False
Dengue,2021,29,G32,22,22,22,1,,True,2021,7,False
Dengue,2021,30,G33,31,31,31,1,,True,2021,7,False
Dengue,2021,31,G34,48,48,48,2,168.3,True,2021,8,False
Dengue,2021,32,G35,32,32,32,2,182.7,True,2021,8,False
Dengue,2021,33,G36,27,27,27,2,197.1,True,2021,8,False
Dengue,2021,34,G37,35,35,35,2,211.5,True,2021,8,False
Dengue,2021,35,G38,27,27,27,2,225.9,True,2021,9,False
Dengue,2021,36,G39,22,22,22,2,240.3,True,2021,9,False
Dengue,2021,37,G40,27,27,27,2,254.7,True,2021,9,False
Dengue,2021,38,G41,29,29,29,2,269.1,True,2021,9,False
Dengue,2021,39,G42,21,21,21,2,283.5,True,2021,9,False
Dengue,2021,40,G43,28,28,28,2,297.9,True,2021,10,False
Dengue,2021,41,G44,34,34,34,2,312.3,True,2021,10,False
Dengue,2021,42,G45,31,31,31,2,326.7,True,2021,10,False
Dengue,2021,43,G46,24,24,24,2,341.1,True,2021,10,False
Dengue,2021,44,G47,22,22,22,2,355.5,True,2021,11,False
Dengue,2021,45,G48,16,16,16,2,369.8,True,2021,11,False
Dengue,2021,46,G49,32,32,32,2,384.2,True,2021,11,False
Dengue,2021,47,G50,19,19,19,2,398.6,True,2021,11,False
Dengue,2021,48,G51,26,26,26,2,413.0,True,2021,12,False
Dengue,2021,49,G52,19,19,19,2,427.4,True,2021,12,False
Dengue,2021,50,G53,9,9,9,2,441.8,True,2021,12,False
Dengue,2021,51,G54,20,20,20,2,456.2,True,2021,12,False
Dengue,2021,52,G55,11,11,11,2,470.6,True,2021,12,False
Dengue,2021,53,G56,,,-,2,485.0,True,,,
Dengue,2022,1,H4,49,49,49,1,,True,2022,1,False
Dengue,2022,2,H5,12,12,12,1,,True,2022,1,False
Dengue,2022,3,H6,12,12,12,1,,True,2022,1,False
Dengue,2022,4,H7,13,13,13,1,,True,2022,1,False
Dengue,2022,5,H8,11,11,11,1,,True,2022,2,False
Dengue,2022,6,H9,14,14,14,1,,True,2022,2,False
Dengue,2022,7,H10,10,10,10,1,,True,2022,2,False
Dengue,2022,8,H11,17,17,17,1,,True,2022,2,False
Dengue,2022,9,H12,11,11,11,1,,True,2022,3,False
Dengue,2022,10,H13,18,18,18,1,,True,2022,3,False
Dengue,2022,11,H14,22,22,22,1,,True,2022,3,False
Dengue,2022,12,H15,15,15,15,1,,True,2022,3,False
Dengue,2022,13,H16,7,7,7,1,,True,2022,3,False
Dengue,2022,14,H17,10,10,10,1,,True,2022,4,False
Dengue,2022,15,H18,20,20,20,1,,True,2022,4,False
Dengue,2022,16,H19,26,26,26,1,,True,2022,4,False
Dengue,2022,17,H20,33,33,33,1,,True,2022,4,False
Dengue,2022,18,H21,30,30,30,1,,True,2022,5,False
Dengue,2022,19,H22,22,22,22,1,,True,2022,5,False
Dengue,2022,20,H23,28,28,28,1,,True,2022,5,False
Dengue,2022,21,H24,38,38,38,1,,True,2022,5,False
Dengue,2022,22,H25,30,30,30,1,,True,2022,6,False
Dengue,2022,23,H26,40,40,40,1,,True,2022,6,False
Dengue,2022,24,H27,52,52,52,1,,True,2022,6,False
Dengue,2022,25,H28,46,46,46,1,,True,2022,6,False
Dengue,2022,26,H29,45,45,45,1,,True,2022,6,False
Dengue,2022,27,H30,85,85,85,1,,True,2022,7,False
Dengue,2022,28,H31,117,117,117,1,,True,2022,7,False
Dengue,2022,29,H32,119,119,119,1,,True,2022,7,False
Dengue,2022,30,H33,141,141,141,1,,True,2022,7,False
Dengue,2022,31,H34,103,103,103,2,168.3,True,2022,8,False
Dengue,2022,32,H35,102,102,102,2,182.7,True,2022,8,False
Dengue,2022,33,H36,105,105,105,2,197.1,True,2022,8,False
Dengue,2022,34,H37,87,87,87,2,211.5,True,2022,8,False
Dengue,2022,35,H38,87,87,87,2,225.9,True,2022,9,False
Dengue,2022,36,H39,75,75,75,2,240.3,True,2022,9,False
Dengue,2022,37,H40,66,66,66,2,254.7,True,2022,9,False
Dengue,2022,38,H41,43,43,43,2,269.1,True,2022,9,False
Dengue,2022,39,H42,43,43,43,2,283.5,True,2022,9,False
Dengue,2022,40,H43,31,31,31,2,297.9,True,2022,10,False
Dengue,2022,41,H44,31,31,31,2,312.3,True,2022,10,False
Dengue,2022,42,H45,30,30,30,2,326.7,True,2022,10,False
Dengue,2022,43,H46,27,27,27,2,341.1,True,2022,10,False
Dengue,2022,44,H47,45,45,45,2,355.5,True,2022,11,False
Dengue,2022,45,H48,24,24,24,2,369.8,True,2022,11,False
Dengue,2022,46,H49,22,22,22,2,384.2,True,2022,11,False
Dengue,2022,47,H50,17,17,17,2,398.6,True,2022,11,False
Dengue,2022,48,H51,39,39,39,2,413.0,True,2022,12,False
Dengue,2022,49,H52,25,25,25,2,427.4,True,2022,12,False
Dengue,2022,50,H53,17,17,17,2,441.8,True,2022,12,False
Dengue,2022,51,H54,20,20,20,2,456.2,True,2022,12,False
Dengue,2022,52,H55,6,6,6,2,470.6,True,2022,12,False
Dengue,2022,53,H56,,,-,2,485.0,True,,,
Dengue,2023,1,I4,53,53,53,1,,True,2023,1,False
Dengue,2023,2,I5,11,11,11,1,,True,2023,1,False
Dengue,2023,3,I6,28,28,28,1,,True,2023,1,False
Dengue,2023,4,I7,32,32,32,1,,True,2023,1,False
Dengue,2023,5,I8,36,36,36,1,,True,2023,2,False
Dengue,2023,6,I9,37,37,37,1,,True,2023,2,False
Dengue,2023,7,I10,60,60,60,1,,True,2023,2,False
Dengue,2023,8,I11,31,31,31,1,,True,2023,2,False
Dengue,2023,9,I12,56,56,56,1,,True,2023,3,False
Dengue,2023,10,I13,53,53,53,1,,True,2023,3,False
Dengue,2023,11,I14,44,44,44,1,,True,2023,3,False
Dengue,2023,12,I15,28,28,28,1,,True,2023,3,False
Dengue,2023,13,I16,27,27,27,1,,True,2023,3,False
Dengue,2023,14,I17,35,35,35,1,,True,2023,4,False
Dengue,2023,15,I18,56,56,56,1,,True,2023,4,False
Dengue,2023,16,I19,38,38,38,1,,True,2023,4,False
Dengue,2023,17,I20,42,42,42,1,,True,2023,4,False
Dengue,2023,18,I21,69,69,69,1,,True,2023,5,False
Dengue,2023,19,I22,50,50,50,1,,True,2023,5,False
Dengue,2023,20,I23,56,56,56,1,,True,2023,5,False
Dengue,2023,21,I24,67,67,67,1,,True,2023,5,False
Dengue,2023,22,I25,98,98,98,1,,True,2023,6,False
Dengue,2023,23,I26,100,100,100,1,,True,2023,6,False
Dengue,2023,24,I27,127,127,127,1,,True,2023,6,False
Dengue,2023,25,I28,110,110,110,1,,True,2023,6,False
Dengue,2023,26,I29,102,102,102,1,,True,2023,6,False
Dengue,2023,27,I30,111,111,111,1,,True,2023,7,False
Dengue,2023,28,I31,94,94,94,1,,True,2023,7,False
Dengue,2023,29,I32,89,89,89,1,,True,2023,7,False
Dengue,2023,30,I33,78,78,78,1,,True,2023,7,False
Dengue,2023,31,I34,79,79,79,2,168.3,True,2023,8,False
Dengue,2023,32,I35,110,110,110,2,182.7,True,2023,8,False
Dengue,2023,33,I36,92,92,92,2,197.1,True,2023,8,False
Dengue,2023,34,I37,75,75,75,2,211.5,True,2023,8,False
Dengue,2023,35,I38,104,104,104,2,225.9,True,2023,8,False
Dengue,2023,36,I39,156,156,156,2,240.3,True,2023,9,False
Dengue,2023,37,I40,151,151,151,2,254.7,True,2023,9,False
Dengue,2023,38,I41,149,149,149,2,269.1,True,2023,9,False
Dengue,2023,39,I42,142,142,142,2,283.5,True,2023,9,False
Dengue,2023,40,I43,137,137,137,2,297.9,True,2023,10,False
Dengue,2023,41,I44,145,145,145,2,312.3,True,2023,10,False
Dengue,2023,42,I45,170,170,170,2,326.7,True,2023,10,False
Dengue,2023,43,I46,109,109,109,2,341.1,True,2023,10,False
Dengue,2023,44,I47,121,121,121,2,355.5,True,2023,11,False
Dengue,2023,45,I48,79,79,79,2,369.8,True,2023,11,False
Dengue,2023,46,I49,94,94,94,2,384.2,True,2023,11,False
Dengue,2023,47,I50,104,104,104,2,398.6,True,2023,11,False
Dengue,2023,48,I51,109,109,109,2,413.0,True,2023,11,False
Dengue,2023,49,I52,85,85,85,2,427.4,True,2023,12,False
Dengue,2023,50,I53,76,76,76,2,441.8,True,2023,12,False
Dengue,2023,51,I54,76,76,76,2,456.2,True,2023,12,False
Dengue,2023,52,I55,93,93,93,2,470.6,True,2023,12,False
Dengue,2023,53,I56,,,-,2,485.0,True,,,
Dengue,2024,1,J4,72,72,72,1,,True,2024,1,False
Dengue,2024,2,J5,87,87,87,1,,True,2024,1,False
Dengue,2024,3,J6,70,70,70,1,,True,2024,1,False
Dengue,2024,4,J7,68,68,68,1,,True,2024,1,False
Dengue,2024,5,J8,48,48,48,1,,True,2024,2,False
Dengue,2024,6,J9,70,70,70,1,,True,2024,2,False
Dengue,2024,7,J10,63,63,63,1,,True,2024,2,False
Dengue,2024,8,J11,63,63,63,1,,True,2024,2,False
Dengue,2024,9,J12,38,38,38,1,,True,2024,2,False
Dengue,2024,10,J13,36,36,36,1,,True,2024,3,False
Dengue,2024,11,J14,35,35,35,1,,True,2024,3,False
Dengue,2024,12,J15,25,25,25,1,,True,2024,3,False
Dengue,2024,13,J16,32,32,32,1,,True,2024,3,False
Dengue,2024,14,J17,38,38,38,1,,True,2024,4,False
Dengue,2024,15,J18,40,40,40,1,,True,2024,4,False
Dengue,2024,16,J19,24,24,24,1,,True,2024,4,False
Dengue,2024,17,J20,40,40,40,1,,True,2024,4,False
Dengue,2024,18,J21,36,36,36,1,,True,2024,5,False
Dengue,2024,19,J22,46,46,46,1,,True,2024,5,False
Dengue,2024,20,J23,30,30,30,1,,True,2024,5,False
Dengue,2024,21,J24,29,29,29,1,,True,2024,5,False
Dengue,2024,22,J25,21,21,21,1,,True,2024,5,False
Dengue,2024,23,J26,26,26,26,1,,True,2024,6,False
Dengue,2024,24,J27,43,43,43,1,,True,2024,6,False
Dengue,2024,25,J28,55,55,55,1,,True,2024,6,False
Dengue,2024,26,J29,80,80,80,1,,True,2024,6,False
Dengue,2024,27,J30,83,83,83,1,,True,2024,7,False
Dengue,2024,28,J31,108,108,108,1,,True,2024,7,False
Dengue,2024,29,J32,113,113,113,1,,True,2024,7,False
Dengue,2024,30,J33,130,130,130,1,,True,2024,7,False
Dengue,2024,31,J34,153,153,153,2,168.3,True,2024,8,False
Dengue,2024,32,J35,157,157,157,2,182.7,True,2024,8,False
Dengue,2024,33,J36,141,141,141,2,197.1,True,2024,8,False
Dengue,2024,34,J37,168,168,168,2,211.5,True,2024,8,False
Dengue,2024,35,J38,128,128,128,2,225.9,True,2024,8,False
Dengue,2024,36,J39,147,147,147,2,240.3,True,2024,9,False
Dengue,2024,37,J40,156,156,156,2,254.7,True,2024,9,False
Dengue,2024,38,J41,163,163,163,2,269.1,True,2024,9,False
Dengue,2024,39,J42,116,116,116,2,283.5,True,2024,9,False
Dengue,2024,40,J43,113,113,113,2,297.9,True,2024,10,False
Dengue,2024,41,J44,125,125,125,2,312.3,True,2024,10,False
Dengue,2024,42,J45,123,123,123,2,326.7,True,2024,10,False
Dengue,2024,43,J46,101,101,101,2,341.1,True,2024,10,False
Dengue,2024,44,J47,130,130,130,2,355.5,True,2024,10,False
Dengue,2024,45,J48,124,124,124,2,369.8,True,2024,11,False
Dengue,2024,46,J49,134,134,134,2,384.2,True,2024,11,False
Dengue,2024,47,J50,155,155,155,2,398.6,True,2024,11,False
Dengue,2024,48,J51,140,140,140,2,413.0,True,2024,11,False
Dengue,2024,49,J52,126,126,126,2,427.4,True,2024,12,False
Dengue,2024,50,J53,112,112,112,2,441.8,True,2024,12,False
Dengue,2024,51,J54,103,103,103,2,456.2,True,2024,12,False
Dengue,2024,52,J55,124,124,124,2,470.6,True,2024,12,False
Dengue,2024,53,J56,,,-,2,485.0,True,,,
Dengue,2025,1,K4,75,75,75,1,,True,2025,1,False
Dengue,2025,2,K5,110,110,110,1,,True,2025,1,False
Dengue,2025,3,K6,118,118,118,1,,True,2025,1,False
Dengue,2025,4,K7,120,120,120,1,,True,2025,1,False
Dengue,2025,5,K8,141,141,141,1,,True,2025,1,False
Dengue,2025,6,K9,115,115,115,1,,True,2025,2,False
Dengue,2025,7,K10,112,112,112,1,,True,2025,2,False
Dengue,2025,8,K11,116,116,116,1,,True,2025,2,False
Dengue,2025,9,K12,134,134,134,1,,True,2025,2,False
Dengue,2025,10,K13,101,101,101,1,,True,2025,3,False
Dengue,2025,11,K14,83,83,83,1,,True,2025,3,False
Dengue,2025,12,K15,71,71,71,1,,True,2025,3,False
Dengue,2025,13,K16,85,85,85,1,,True,2025,3,False
Dengue,2025,14,K17,75,75,75,1,,True,2025,4,False
Dengue,2025,15,K18,67,67,67,1,,True,2025,4,False
Dengue,2025,16,K19,67,67,67,1,,True,2025,4,False
Dengue,2025,17,K20,58,58,58,1,,True,2025,4,False
Dengue,2025,18,K21,61,61,61,1,,True,2025,5,False
Dengue,2025,19,K22,62,62,62,1,,True,2025,5,False
Dengue,2025,20,K23,60,60,60,1,,True,2025,5,False
Dengue,2025,21,K24,55,55,55,1,,True,2025,5,False
Dengue,2025,22,K25,70,70,70,1,,True,2025,5,False
Dengue,2025,23,K26,61,61,61,1,,True,2025,6,False
Dengue,2025,24,K27,66,66,66,1,,True,2025,6,False
Dengue,2025,25,K28,97,97,97,1,,True,2025,6,False
Dengue,2025,26,K29,90,90,90,1,,True,2025,6,False
Dengue,2025,27,K30,128,128,128,1,,True,2025,7,False
Dengue,2025,28,K31,133,133,133,1,,True,2025,7,False
Dengue,2025,29,K32,164,164,164,1,,True,2025,7,False
Dengue,2025,30,K33,124,124,124,1,,True,2025,7,False
Dengue,2025,31,K34,186,186,186,2,168.3,True,2025,7,False
Dengue,2025,32,K35,193,193,193,2,182.7,True,2025,8,False
Dengue,2025,33,K36,183,183,183,2,197.1,True,2025,8,False
Dengue,2025,34,K37,184,184,184,2,211.5,True,2025,8,False
Dengue,2025,35,K38,146,146,146,2,225.9,True,2025,8,False
Dengue,2025,36,K39,162,162,162,2,240.3,True,2025,9,False
Dengue,2025,37,K40,156,156,156,2,254.7,True,2025,9,False
Dengue,2025,38,K41,115,115,115,2,269.1,True,2025,9,False
Dengue,2025,39,K42,150,150,150,2,283.5,True,2025,9,False
Dengue,2025,40,K43,192,192,192,2,297.9,True,2025,10,False
Dengue,2025,41,K44,175,175,175,2,312.3,True,2025,10,False
Dengue,2025,42,K45,117,117,117,2,326.7,True,2025,10,False
Dengue,2025,43,K46,114,114,114,2,341.1,True,2025,10,False
Dengue,2025,44,K47,81,81,81,2,355.5,True,2025,10,False
Dengue,2025,45,K48,75,75,75,2,369.8,True,2025,11,False
Dengue,2025,46,K49,48,48,48,2,384.2,True,2025,11,False
Dengue,2025,47,K50,61,61,61,2,398.6,True,2025,11,False
Dengue,2025,48,K51,73,73,73,2,413.0,True,2025,11,False
Dengue,2025,49,K52,57,57,57,2,427.4,True,2025,12,False
Dengue,2025,50,K53,60,60,60,2,441.8,True,2025,12,False
Dengue,2025,51,K54,66,66,66,2,456.2,True,2025,12,False
Dengue,2025,52,K55,73,73,73,2,470.6,True,2025,12,False
Dengue,2025,53,K56,56,56,56,2,485.0,True,2025,12,True
