disease,year,pdf_printed_total,pdf_weekly_sum,workbook_weekly_sum,workbook_total_formula,workbook_total_cached,weekly_minus_printed,blank_cells,explicit_zero_cells,week53,status,follow_up
Leptospirosis,2016,,2,2,=SUM(B4:B56),2,,0,51,0,No printed total; weekly cells match,"CHO epidemiological completeness, age, classification and week calendar verification required"
Leptospirosis,2017,,4,4,=SUM(C4:C56),4,,0,49,0,No printed total; weekly cells match,"CHO epidemiological completeness, age, classification and week calendar verification required"
Leptospirosis,2018,,14,14,=SUM(D4:D56),14,,0,42,0,No printed total; weekly cells match,"CHO epidemiological completeness, age, classification and week calendar verification required"
Leptospirosis,2019,,6,6,=SUM(E4:E56),6,,0,49,0,No printed total; weekly cells match,"CHO epidemiological completeness, age, classification and week calendar verification required"
Leptospirosis,2020,,5,5,=SUM(F4:F56),5,,0,49,0,No printed total; weekly cells match,"CHO epidemiological completeness, age, classification and week calendar verification required"
Leptospirosis,2021,,3,3,=SUM(G4:G56),3,,0,51,0,No printed total; weekly cells match,"CHO epidemiological completeness, age, classification and week calendar verification required"
Leptospirosis,2022,,16,16,=SUM(H4:H56),16,,0,38,0,No printed total; weekly cells match,"CHO epidemiological completeness, age, classification and week calendar verification required"
Leptospirosis,2023,,124,124,=SUM(I4:I56),124,,0,20,0,No printed total; weekly cells match,"CHO epidemiological completeness, age, classification and week calendar verification required"
Leptospirosis,2024,,87,87,=SUM(J4:J56),87,,0,24,0,No printed total; weekly cells match,"CHO epidemiological completeness, age, classification and week calendar verification required"
Leptospirosis,2025,,111,111,=SUM(K4:K56),111,,0,19,0,No printed total; weekly cells match,"CHO epidemiological completeness, age, classification and week calendar verification required"
Measles-Rubella,2016,51,51,51,=SUM(B4:B56),51,0,0,27,0,Printed total and weekly cells reconcile,"CHO epidemiological completeness, age, classification and week calendar verification required"
Measles-Rubella,2017,64,64,64,=SUM(C4:C56),64,0,0,22,0,Printed total and weekly cells reconcile,"CHO epidemiological completeness, age, classification and week calendar verification required"
Measles-Rubella,2018,644,644,644,=SUM(D4:D56),644,0,0,5,0,Printed total and weekly cells reconcile,"CHO epidemiological completeness, age, classification and week calendar verification required"
Measles-Rubella,2019,1519,1519,1519,=SUM(E4:E56),1519,0,0,6,0,Printed total and weekly cells reconcile,"CHO epidemiological completeness, age, classification and week calendar verification required"
Measles-Rubella,2020,27,27,27,=SUM(F4:F56),27,0,0,43,0,Printed total and weekly cells reconcile,"CHO epidemiological completeness, age, classification and week calendar verification required"
Measles-Rubella,2021,8,8,8,=SUM(G4:G56),8,0,0,47,0,Printed total and weekly cells reconcile,"CHO epidemiological completeness, age, classification and week calendar verification required"
Measles-Rubella,2022,26,26,26,=SUM(H4:H56),26,0,0,32,0,Printed total and weekly cells reconcile,"CHO epidemiological completeness, age, classification and week calendar verification required"
Measles-Rubella,2023,51,51,51,=SUM(I4:I56),51,0,0,23,2,Printed total and weekly cells reconcile,"CHO epidemiological completeness, age, classification and week calendar verification required"
Measles-Rubella,2024,55,55,55,=SUM(J4:J56),55,0,0,21,0,Printed total and weekly cells reconcile,"CHO epidemiological completeness, age, classification and week calendar verification required"
Measles-Rubella,2025,110,110,110,=SUM(K4:K56),110,0,0,10,5,Printed total and weekly cells reconcile,"CHO epidemiological completeness, age, classification and week calendar verification required"
Dengue,2016,1127,1127,1127,=SUM(B4:B56),1127,0,1,0,,Printed total and weekly cells reconcile,"CHO epidemiological completeness, age, classification and week calendar verification required"
Dengue,2017,1004,1004,1004,=SUM(C4:C56),1004,0,1,0,,Printed total and weekly cells reconcile,"CHO epidemiological completeness, age, classification and week calendar verification required"
Dengue,2018,2593,2593,2593,=SUM(D4:D56),2593,0,1,0,,Printed total and weekly cells reconcile,"CHO epidemiological completeness, age, classification and week calendar verification required"
Dengue,2019,2312,2312,2312,=SUM(E4:E56),2312,0,1,0,,Printed total and weekly cells reconcile,"CHO epidemiological completeness, age, classification and week calendar verification required"
Dengue,2020,503,503,503,=SUM(F4:F56),503,0,1,8,,Printed total and weekly cells reconcile,"CHO epidemiological completeness, age, classification and week calendar verification required"
Dengue,2021,1011,1011,1011,=SUM(G4:G56),1011,0,1,0,,Printed total and weekly cells reconcile,"CHO epidemiological completeness, age, classification and week calendar verification required"
Dengue,2022,2138,2138,2138,=SUM(H4:H56),2138,0,1,0,,Printed total and weekly cells reconcile,"CHO epidemiological completeness, age, classification and week calendar verification required"
Dengue,2023,4274,4274,4274,=SUM(I4:I56),4274,0,1,0,,Printed total and weekly cells reconcile,"CHO epidemiological completeness, age, classification and week calendar verification required"
Dengue,2024,4516,4588,4588,=SUM(J4:J56),4588,72,1,0,,Printed/weekly discrepancy; CHO correction required,"CHO epidemiological completeness, age, classification and week calendar verification required"
Dengue,2025,5542,5542,5542,=SUM(K4:K56),5542,0,0,0,56,Printed total and weekly cells reconcile,"CHO epidemiological completeness, age, classification and week calendar verification required"
