year,month,disease,cases,source,date
2016,1,Dengue,138,real,2016-01-01
2016,1,Leptospirosis,0,real,2016-01-01
2016,1,Measles,1,real,2016-01-01
2016,2,Dengue,94,real,2016-02-01
2016,2,Leptospirosis,0,real,2016-02-01
2016,2,Measles,1,real,2016-02-01
2016,3,Dengue,99,real,2016-03-01
2016,3,Leptospirosis,0,real,2016-03-01
2016,3,Measles,4,real,2016-03-01
2016,4,Dengue,46,real,2016-04-01
2016,4,Leptospirosis,0,real,2016-04-01
2016,4,Measles,5,real,2016-04-01
2016,5,Dengue,39,real,2016-05-01
2016,5,Leptospirosis,0,real,2016-05-01
2016,5,Measles,2,real,2016-05-01
2016,6,Dengue,74,real,2016-06-01
2016,6,Leptospirosis,0,real,2016-06-01
2016,6,Measles,0,real,2016-06-01
2016,7,Dengue,104,real,2016-07-01
2016,7,Leptospirosis,0,real,2016-07-01
2016,7,Measles,4,real,2016-07-01
2016,8,Dengue,194,real,2016-08-01
2016,8,Leptospirosis,1,real,2016-08-01
2016,8,Measles,9,real,2016-08-01
2016,9,Dengue,164,real,2016-09-01
2016,9,Leptospirosis,0,real,2016-09-01
2016,9,Measles,5,real,2016-09-01
2016,10,Dengue,59,real,2016-10-01
2016,10,Leptospirosis,0,real,2016-10-01
2016,10,Measles,11,real,2016-10-01
2016,11,Dengue,66,real,2016-11-01
2016,11,Leptospirosis,1,real,2016-11-01
2016,11,Measles,3,real,2016-11-01
2016,12,Dengue,50,real,2016-12-01
2016,12,Leptospirosis,0,real,2016-12-01
2016,12,Measles,6,real,2016-12-01
2017,1,Dengue,67,real,2017-01-01
2017,1,Leptospirosis,0,real,2017-01-01
2017,1,Measles,6,real,2017-01-01
2017,2,Dengue,72,real,2017-02-01
2017,2,Leptospirosis,0,real,2017-02-01
2017,2,Measles,9,real,2017-02-01
2017,3,Dengue,52,real,2017-03-01
2017,3,Leptospirosis,0,real,2017-03-01
2017,3,Measles,6,real,2017-03-01
2017,4,Dengue,25,real,2017-04-01
2017,4,Leptospirosis,0,real,2017-04-01
2017,4,Measles,2,real,2017-04-01
2017,5,Dengue,14,real,2017-05-01
2017,5,Leptospirosis,0,real,2017-05-01
2017,5,Measles,7,real,2017-05-01
2017,6,Dengue,55,real,2017-06-01
2017,6,Leptospirosis,1,real,2017-06-01
2017,6,Measles,11,real,2017-06-01
2017,7,Dengue,113,real,2017-07-01
2017,7,Leptospirosis,0,real,2017-07-01
2017,7,Measles,2,real,2017-07-01
2017,8,Dengue,251,real,2017-08-01
2017,8,Leptospirosis,2,real,2017-08-01
2017,8,Measles,11,real,2017-08-01
2017,9,Dengue,134,real,2017-09-01
2017,9,Leptospirosis,0,real,2017-09-01
2017,9,Measles,3,real,2017-09-01
2017,10,Dengue,86,real,2017-10-01
2017,10,Leptospirosis,1,real,2017-10-01
2017,10,Measles,4,real,2017-10-01
2017,11,Dengue,109,real,2017-11-01
2017,11,Leptospirosis,0,real,2017-11-01
2017,11,Measles,2,real,2017-11-01
2017,12,Dengue,26,real,2017-12-01
2017,12,Leptospirosis,0,real,2017-12-01
2017,12,Measles,1,real,2017-12-01
2018,1,Dengue,125,real,2018-01-01
2018,1,Leptospirosis,0,real,2018-01-01
2018,1,Measles,12,real,2018-01-01
2018,2,Dengue,120,real,2018-02-01
2018,2,Leptospirosis,0,real,2018-02-01
2018,2,Measles,4,real,2018-02-01
2018,3,Dengue,112,real,2018-03-01
2018,3,Leptospirosis,1,real,2018-03-01
2018,3,Measles,19,real,2018-03-01
2018,4,Dengue,53,real,2018-04-01
2018,4,Leptospirosis,0,real,2018-04-01
2018,4,Measles,21,real,2018-04-01
2018,5,Dengue,80,real,2018-05-01
2018,5,Leptospirosis,0,real,2018-05-01
2018,5,Measles,21,real,2018-05-01
2018,6,Dengue,185,real,2018-06-01
2018,6,Leptospirosis,0,real,2018-06-01
2018,6,Measles,21,real,2018-06-01
2018,7,Dengue,422,real,2018-07-01
2018,7,Leptospirosis,2,real,2018-07-01
2018,7,Measles,16,real,2018-07-01
2018,8,Dengue,643,real,2018-08-01
2018,8,Leptospirosis,6,real,2018-08-01
2018,8,Measles,32,real,2018-08-01
2018,9,Dengue,342,real,2018-09-01
2018,9,Leptospirosis,2,real,2018-09-01
2018,9,Measles,30,real,2018-09-01
2018,10,Dengue,248,real,2018-10-01
2018,10,Leptospirosis,2,real,2018-10-01
2018,10,Measles,49,real,2018-10-01
2018,11,Dengue,157,real,2018-11-01
2018,11,Leptospirosis,0,real,2018-11-01
2018,11,Measles,195,real,2018-11-01
2018,12,Dengue,106,real,2018-12-01
2018,12,Leptospirosis,1,real,2018-12-01
2018,12,Measles,224,real,2018-12-01
2019,1,Dengue,144,real,2019-01-01
2019,1,Leptospirosis,2,real,2019-01-01
2019,1,Measles,393,real,2019-01-01
2019,2,Dengue,88,real,2019-02-01
2019,2,Leptospirosis,4,real,2019-02-01
2019,2,Measles,581,real,2019-02-01
2019,3,Dengue,46,real,2019-03-01
2019,3,Leptospirosis,0,real,2019-03-01
2019,3,Measles,327,real,2019-03-01
2019,4,Dengue,38,real,2019-04-01
2019,4,Leptospirosis,0,real,2019-04-01
2019,4,Measles,105,real,2019-04-01
2019,5,Dengue,54,real,2019-05-01
2019,5,Leptospirosis,0,real,2019-05-01
2019,5,Measles,30,real,2019-05-01
2019,6,Dengue,69,real,2019-06-01
2019,6,Leptospirosis,0,real,2019-06-01
2019,6,Measles,20,real,2019-06-01
2019,7,Dengue,239,real,2019-07-01
2019,7,Leptospirosis,0,real,2019-07-01
2019,7,Measles,21,real,2019-07-01
2019,8,Dengue,605,real,2019-08-01
2019,8,Leptospirosis,0,real,2019-08-01
2019,8,Measles,15,real,2019-08-01
2019,9,Dengue,402,real,2019-09-01
2019,9,Leptospirosis,0,real,2019-09-01
2019,9,Measles,10,real,2019-09-01
2019,10,Dengue,314,real,2019-10-01
2019,10,Leptospirosis,0,real,2019-10-01
2019,10,Measles,5,real,2019-10-01
2019,11,Dengue,184,real,2019-11-01
2019,11,Leptospirosis,0,real,2019-11-01
2019,11,Measles,6,real,2019-11-01
2019,12,Dengue,129,real,2019-12-01
2019,12,Leptospirosis,0,real,2019-12-01
2019,12,Measles,6,real,2019-12-01
2020,1,Dengue,173,real,2020-01-01
2020,1,Leptospirosis,0,real,2020-01-01
2020,1,Measles,15,real,2020-01-01
2020,2,Dengue,89,real,2020-02-01
2020,2,Leptospirosis,0,real,2020-02-01
2020,2,Measles,6,real,2020-02-01
2020,3,Dengue,40,real,2020-03-01
2020,3,Leptospirosis,0,real,2020-03-01
2020,3,Measles,5,real,2020-03-01
2020,4,Dengue,11,real,2020-04-01
2020,4,Leptospirosis,0,real,2020-04-01
2020,4,Measles,1,real,2020-04-01
2020,5,Dengue,0,real,2020-05-01
2020,5,Leptospirosis,0,real,2020-05-01
2020,5,Measles,0,real,2020-05-01
2020,6,Dengue,8,real,2020-06-01
2020,6,Leptospirosis,0,real,2020-06-01
2020,6,Measles,0,real,2020-06-01
2020,7,Dengue,14,real,2020-07-01
2020,7,Leptospirosis,0,real,2020-07-01
2020,7,Measles,0,real,2020-07-01
2020,8,Dengue,7,real,2020-08-01
2020,8,Leptospirosis,0,real,2020-08-01
2020,8,Measles,0,real,2020-08-01
2020,9,Dengue,22,real,2020-09-01
2020,9,Leptospirosis,1,real,2020-09-01
2020,9,Measles,0,real,2020-09-01
2020,10,Dengue,50,real,2020-10-01
2020,10,Leptospirosis,1,real,2020-10-01
2020,10,Measles,0,real,2020-10-01
2020,11,Dengue,45,real,2020-11-01
2020,11,Leptospirosis,2,real,2020-11-01
2020,11,Measles,0,real,2020-11-01
2020,12,Dengue,44,real,2020-12-01
2020,12,Leptospirosis,1,real,2020-12-01
2020,12,Measles,0,real,2020-12-01
2021,1,Dengue,109,real,2021-01-01
2021,1,Leptospirosis,0,real,2021-01-01
2021,1,Measles,1,real,2021-01-01
2021,2,Dengue,72,real,2021-02-01
2021,2,Leptospirosis,0,real,2021-02-01
2021,2,Measles,2,real,2021-02-01
2021,3,Dengue,72,real,2021-03-01
2021,3,Leptospirosis,1,real,2021-03-01
2021,3,Measles,0,real,2021-03-01
2021,4,Dengue,44,real,2021-04-01
2021,4,Leptospirosis,0,real,2021-04-01
2021,4,Measles,0,real,2021-04-01
2021,5,Dengue,15,real,2021-05-01
2021,5,Leptospirosis,0,real,2021-05-01
2021,5,Measles,0,real,2021-05-01
2021,6,Dengue,47,real,2021-06-01
2021,6,Leptospirosis,0,real,2021-06-01
2021,6,Measles,0,real,2021-06-01
2021,7,Dengue,93,real,2021-07-01
2021,7,Leptospirosis,0,real,2021-07-01
2021,7,Measles,0,real,2021-07-01
2021,8,Dengue,142,real,2021-08-01
2021,8,Leptospirosis,2,real,2021-08-01
2021,8,Measles,1,real,2021-08-01
2021,9,Dengue,126,real,2021-09-01
2021,9,Leptospirosis,0,real,2021-09-01
2021,9,Measles,1,real,2021-09-01
2021,10,Dengue,117,real,2021-10-01
2021,10,Leptospirosis,0,real,2021-10-01
2021,10,Measles,0,real,2021-10-01
2021,11,Dengue,89,real,2021-11-01
2021,11,Leptospirosis,0,real,2021-11-01
2021,11,Measles,1,real,2021-11-01
2021,12,Dengue,85,real,2021-12-01
2021,12,Leptospirosis,0,real,2021-12-01
2021,12,Measles,2,real,2021-12-01
2022,1,Dengue,86,real,2022-01-01
2022,1,Leptospirosis,1,real,2022-01-01
2022,1,Measles,1,real,2022-01-01
2022,2,Dengue,52,real,2022-02-01
2022,2,Leptospirosis,0,real,2022-02-01
2022,2,Measles,2,real,2022-02-01
2022,3,Dengue,73,real,2022-03-01
2022,3,Leptospirosis,0,real,2022-03-01
2022,3,Measles,5,real,2022-03-01
2022,4,Dengue,89,real,2022-04-01
2022,4,Leptospirosis,0,real,2022-04-01
2022,4,Measles,0,real,2022-04-01
2022,5,Dengue,118,real,2022-05-01
2022,5,Leptospirosis,0,real,2022-05-01
2022,5,Measles,1,real,2022-05-01
2022,6,Dengue,213,real,2022-06-01
2022,6,Leptospirosis,0,real,2022-06-01
2022,6,Measles,2,real,2022-06-01
2022,7,Dengue,462,real,2022-07-01
2022,7,Leptospirosis,3,real,2022-07-01
2022,7,Measles,3,real,2022-07-01
2022,8,Dengue,397,real,2022-08-01
2022,8,Leptospirosis,4,real,2022-08-01
2022,8,Measles,5,real,2022-08-01
2022,9,Dengue,314,real,2022-09-01
2022,9,Leptospirosis,3,real,2022-09-01
2022,9,Measles,1,real,2022-09-01
2022,10,Dengue,119,real,2022-10-01
2022,10,Leptospirosis,2,real,2022-10-01
2022,10,Measles,2,real,2022-10-01
2022,11,Dengue,108,real,2022-11-01
2022,11,Leptospirosis,1,real,2022-11-01
2022,11,Measles,3,real,2022-11-01
2022,12,Dengue,107,real,2022-12-01
2022,12,Leptospirosis,2,real,2022-12-01
2022,12,Measles,1,real,2022-12-01
2023,1,Dengue,124,real,2023-01-01
2023,1,Leptospirosis,1,real,2023-01-01
2023,1,Measles,1,real,2023-01-01
2023,2,Dengue,164,real,2023-02-01
2023,2,Leptospirosis,1,real,2023-02-01
2023,2,Measles,3,real,2023-02-01
2023,3,Dengue,208,real,2023-03-01
2023,3,Leptospirosis,2,real,2023-03-01
2023,3,Measles,5,real,2023-03-01
2023,4,Dengue,171,real,2023-04-01
2023,4,Leptospirosis,1,real,2023-04-01
2023,4,Measles,1,real,2023-04-01
2023,5,Dengue,242,real,2023-05-01
2023,5,Leptospirosis,2,real,2023-05-01
2023,5,Measles,7,real,2023-05-01
2023,6,Dengue,537,real,2023-06-01
2023,6,Leptospirosis,4,real,2023-06-01
2023,6,Measles,5,real,2023-06-01
2023,7,Dengue,372,real,2023-07-01
2023,7,Leptospirosis,23,real,2023-07-01
2023,7,Measles,8,real,2023-07-01
2023,8,Dengue,460,real,2023-08-01
2023,8,Leptospirosis,36,real,2023-08-01
2023,8,Measles,9,real,2023-08-01
2023,9,Dengue,598,real,2023-09-01
2023,9,Leptospirosis,26,real,2023-09-01
2023,9,Measles,1,real,2023-09-01
2023,10,Dengue,561,real,2023-10-01
2023,10,Leptospirosis,19,real,2023-10-01
2023,10,Measles,6,real,2023-10-01
2023,11,Dengue,507,real,2023-11-01
2023,11,Leptospirosis,7,real,2023-11-01
2023,11,Measles,0,real,2023-11-01
2023,12,Dengue,330,real,2023-12-01
2023,12,Leptospirosis,2,real,2023-12-01
2023,12,Measles,5,real,2023-12-01
2024,1,Dengue,297,real,2024-01-01
2024,1,Leptospirosis,2,real,2024-01-01
2024,1,Measles,5,real,2024-01-01
2024,2,Dengue,282,real,2024-02-01
2024,2,Leptospirosis,2,real,2024-02-01
2024,2,Measles,2,real,2024-02-01
2024,3,Dengue,128,real,2024-03-01
2024,3,Leptospirosis,1,real,2024-03-01
2024,3,Measles,6,real,2024-03-01
2024,4,Dengue,142,real,2024-04-01
2024,4,Leptospirosis,1,real,2024-04-01
2024,4,Measles,11,real,2024-04-01
2024,5,Dengue,162,real,2024-05-01
2024,5,Leptospirosis,1,real,2024-05-01
2024,5,Measles,1,real,2024-05-01
2024,6,Dengue,204,real,2024-06-01
2024,6,Leptospirosis,4,real,2024-06-01
2024,6,Measles,5,real,2024-06-01
2024,7,Dengue,434,real,2024-07-01
2024,7,Leptospirosis,13,real,2024-07-01
2024,7,Measles,4,real,2024-07-01
2024,8,Dengue,747,real,2024-08-01
2024,8,Leptospirosis,27,real,2024-08-01
2024,8,Measles,4,real,2024-08-01
2024,9,Dengue,582,real,2024-09-01
2024,9,Leptospirosis,26,real,2024-09-01
2024,9,Measles,4,real,2024-09-01
2024,10,Dengue,592,real,2024-10-01
2024,10,Leptospirosis,5,real,2024-10-01
2024,10,Measles,4,real,2024-10-01
2024,11,Dengue,553,real,2024-11-01
2024,11,Leptospirosis,3,real,2024-11-01
2024,11,Measles,4,real,2024-11-01
2024,12,Dengue,465,real,2024-12-01
2024,12,Leptospirosis,2,real,2024-12-01
2024,12,Measles,5,real,2024-12-01
2025,1,Dengue,564,real,2025-01-01
2025,1,Leptospirosis,3,real,2025-01-01
2025,1,Measles,7,real,2025-01-01
2025,2,Dengue,477,real,2025-02-01
2025,2,Leptospirosis,1,real,2025-02-01
2025,2,Measles,8,real,2025-02-01
2025,3,Dengue,340,real,2025-03-01
2025,3,Leptospirosis,0,real,2025-03-01
2025,3,Measles,8,real,2025-03-01
2025,4,Dengue,267,real,2025-04-01
2025,4,Leptospirosis,5,real,2025-04-01
2025,4,Measles,13,real,2025-04-01
2025,5,Dengue,308,real,2025-05-01
2025,5,Leptospirosis,5,real,2025-05-01
2025,5,Measles,14,real,2025-05-01
2025,6,Dengue,314,real,2025-06-01
2025,6,Leptospirosis,5,real,2025-06-01
2025,6,Measles,9,real,2025-06-01
2025,7,Dengue,735,real,2025-07-01
2025,7,Leptospirosis,46,real,2025-07-01
2025,7,Measles,9,real,2025-07-01
2025,8,Dengue,706,real,2025-08-01
2025,8,Leptospirosis,27,real,2025-08-01
2025,8,Measles,10,real,2025-08-01
2025,9,Dengue,583,real,2025-09-01
2025,9,Leptospirosis,12,real,2025-09-01
2025,9,Measles,7,real,2025-09-01
2025,10,Dengue,679,real,2025-10-01
2025,10,Leptospirosis,5,real,2025-10-01
2025,10,Measles,5,real,2025-10-01
2025,11,Dengue,257,real,2025-11-01
2025,11,Leptospirosis,1,real,2025-11-01
2025,11,Measles,8,real,2025-11-01
2025,12,Dengue,312,real,2025-12-01
2025,12,Leptospirosis,1,real,2025-12-01
2025,12,Measles,12,real,2025-12-01
